SNO,Location,Pincode
1,Adhanakurichi,621719
2,Adhikudikadu,621714
3,Alagapuram,608901
4,Alagiamanavalam,621715
5,Alathipallam,612903
6,Alathiyur,621719
7,Ambapur,621701
8,Ameenabad,621713
9,Anaikudam,612902
10,Anandavadi,621718
11,Andimadam,621801
12,Anganur,621709
13,Angarayanallur,621802
14,Anikduichan,621803
15,Annanagar,621713
16,Aranmanaikurichi,621851
17,Ariyalur,621704
18,Ariyalur Bazaar,621704
19,Ariyalur Cement factory,621729
20,Arungal,621707
21,Asaveerankudikadu,621719
22,Attukurichi,608901
23,Ayanathur,621705
24,Ayanthattanur,621709
25,Ayuthakulam,621901
26,Ayyappanaickenpettai,612903
27,Ayyur,608901
28,Cement Nagar dalavoy,621730
29,Chinnavalayam,621802
30,Dalavoy,621730
31,Devamangalam,612902
32,Devanur,621806
33,Edayakurichi,621719
34,Edayar,621804
35,Edayathangudi,621707
36,Edayathimangalam,621218
37,Elakurichi,621715
38,Elangaicheri,621714
39,Eravangudi,621803
40,Gangaikondacholapuram,621901
41,Govindapuram,621713
42,Govindaputhur,621701
43,Hasthinapuram,621704
44,Idanganni,612904
45,Ilaiyur,621806
46,Ilandaikudam,621851
47,Ilayaperumanallur,612903
48,Iluppaiyur,621718
49,Inam Athur,621704
50,Irugaiyur,612904
51,Irumbilikurichi,621804
52,Jayamkondacholapuram,621802
53,Jayamkondacholapuram West,621802
54,Kadambur,621701
55,Kadugur,621705
56,Kaduvettankurichi,612904
57,Kallankurichi,621705
58,Kallathur Thandalai,621803
59,Kalleri,621803
60,Kaluvanthondi,621802
61,Kamarasavalli,621715
62,Kandiankollai,621806
63,Kandirathitham,621851
64,Karadikulam,621802
65,Karaikurichi,612904
66,Kargudi,612904
67,Karuppilakattalai,621707
68,Karuppur Senapathy,621707
69,Kasankottai,621701
70,Kattagaram,612903
71,Kattathur,621803
72,Kavanur,621704
73,Kavarapalayam,608901
74,Keelamichaelpatti,612904
75,Kidaramkondan,621901
76,Kilaiyur,621707
77,Kilakavattankurichi,621715
78,Kilakolathur,621715
79,Kilakudiyiruppu,621802
80,Kilamaligai,621710
81,Kilaneduvoi,621805
82,Kilapaluvur,621707
83,Kilaveli,621804
84,Kodali,612902
85,Kodalikaruppur,612902
86,Kodukkur,621719
87,Koilesanai,621851
88,Kokkudi,621653
89,Kollapuram,621901
90,Koovathur,621803
91,Kottiyal,612904
92,Kuhur,621703
93,Kulamanickam,621722
94,Kulathur,621803
95,Kulumur,621714
96,Kumiliam,621804
97,Kumiliankuli,621803
98,Kunamangalam,621701
99,Kundaveli,612903
100,Kuruvadi,621715
101,Kuruvalapparkoil,621901
102,Kuvagam,621710
103,Lingathadimedu,621705
104,Malathankulam,621707
105,Managethi,621804
106,Manakudayan,621719
107,Manakudi,621705
108,Manapathur,621709
109,Manjamedu Karaipakkam,621715
110,Marudur,621710
111,Maruvathur,621710
112,Mathur,621709
113,Meikavalputhur,621901
114,Melanikuli,612903
115,Minsuritti,612903
116,Muthuservaimadam,612903
117,Muthuvancheri,621701
118,Naduvalur,612904
119,Nagalkuli,621806
120,Nagamangalam,621701
121,Nagampandal,608901
122,Nakkambadi,621714
123,Nallampalayam,621714
124,Nayanganaipiriyal,621804
125,Neivanam,621714
126,O Koothur,621705
127,Olaiyur,608901
128,Ottakoil,621705
129,P.Kudikadu,621710
130,Padanilai,612903
131,Palanganatham,621651
132,Palayakudi,621804
133,Papakudi,612903
134,Paranam,621804
135,Parukkal,621804
136,Pattanamkurichi,621801
137,Periakrishnapuram,621805
138,Periathirukonam,621701
139,Periyakurichi,621719
140,Periyanagalur,621704
141,Periyavalayam,621802
142,Pichanur,621901
143,Pilakurichi,621806
144,Pilichikuli,621804
145,Ponparappi,621710
146,Poondi,621653
147,Pottaveli,621718
148,Poyyadhanallur,621718
149,Pudukkottai-thirumazhapadi,621851
150,Pudukudi,621806
151,Pungangudi,621701
152,Rajajinagar,621713
153,Rangiam,608901
154,Rayambaram,621718
155,Reddipalayam,621704
156,Saluppai,612903
157,Sannasinallur,621730
158,Sannavur,621651
159,Sathambadi,621701
160,Sedankudikadu,621710
161,Sendurai,621714
162,Sengunthapuram,621802
163,Sennivanam,621718
164,Silambur,608901
165,Siluppanur,621730
166,Sirukalathur,621710
167,Siruvalur,621704
168,Solamadevi,612902
169,Solankudikadu,621709
170,Srinivasapuram,621705
171,Sripurandan,621701
172,Sriraman,608703
173,Subbarayapuram,621704
174,Sullangudi,621715
175,Sundakudi,621701
176,Suthamalli,621707
177,T.Solankurichi,621804
178,Tamaraikulam,621705
179,Tattanur,621804
180,Telur,621704
181,Thaluthalaimedu,621901
182,Thathampettai Palur,612904
183,Thavuthaikulam,621704
184,Thengachiperumalnatham,612904
185,Thennur,621805
186,Therkupatti,621710
187,Thirumanur,621715
188,Thirumazhapadi,621851
189,Thular,621719
190,Thuthur,621701
191,Tirukalappur,621805
192,Tiruppeyar,621715
193,Udayanatham,612902
194,Udayarpalayam,621804
195,Udayarpalayam West,621804
196,Ulkottai,621901
197,Ulliakudi,621701
198,Unjini,621714
199,Vadugarpalayam,621803
200,Valajanagaram,621704
201,Vanarathirayankuppam,621901
202,Vanathirayanpattinam,621804
203,Vanavanallur,621901
204,Vangudi,612903
205,Vanjinapuram,621714
206,Varadarajanpettai,621805
207,Varanavasi,621704
208,Variankaval,621806
209,Vazhaikurichi,612904
210,Vellur,621718
211,Venganur,621851
212,Venmankondan,621804
213,Vettiarvettu,621803
214,Vettiyur,621707
215,Vilangudi,621704
216,Vizhapallam,621803
217,Z.Melur,621803
218,Zamin Suthamalli,621804
