Abiramapuram,600 018
Adambakkam,600 088
Adyar,600 020
Agaram,600 082
Alandur,600 016
Agaram,600 082
Alandur,600016
Alandur North,600032
Alwar Tirunagar,600087
Ambattur Bazaar,600053
Ambattur H O,600053
Ambattur Industrial Estat,600058
Ambattur West,600053
Aminijikarai,600029
Anakaputhur,600070
Angappanaicken Street,600001
Anna Road H O,600002
Annamalaipuram,600028
Annanagar,600040
Annanagar East,600102
Annanagar Western Extn,600101
Annaroad South,600002
Arcot Road,600024
Arumbakkam,600106
Ashok Nagar,600083
Ashtabujam Road,600112
Avadi,600054
Avadi Air Force Quarters,600055
Avadi Camp H O,600054
Avadi Iaf,600055
Ayanavaram,600023
Ayanavaram Rly Colony,600023
Besant Nagar,600090
Besant nagar South,600090
Bharathipuram,600044
Broadway,600108
Bullion Market,600079
Butt Road,600016
C-In-C Road,600105
Cathedral,600006
Cemetry Road,600021
Central Institute Of Tech,600020
Central Leather Research,600020
Central Station,600003
Central Vehicle Depot,600055
Central Vehicle Research,600054
Chamiers Road,600018
Chepauk,600005
Chetput H O,600031
Chinnaiah Mudali Colony,600011
Chintadripeta,600002
Chitlapakkam,600064
Choolai,600112
Choolaimedu,600094
Choolaimedu Mdo,600094
Christian College,600059
Chromepet,600044
Crp Camp,600065
D G Vaishnav College,600106
Decoster Road,600012
Defence Officers Colony,600097
Dr Ambedkarnagar,600003
Edapalayam,600003
Egmore,600008
Egmore High Road,600008
Ekkaduthangal,600032
Eldams Road,600018
Engineering College Directorat,600025
Ennur R S,600057
Ennur Thermal Station,600057
Ernavur,600057
Flower Bazar,600001
Flowers Road,600084
Fore Shore Estate,600028
Fort St George,600009
Ganapathipuram,600059
Gandhi Nagar,600020
Ganesh Nagar,600088
Gaugadeeswaran Koil,600084
Gollawar Agraharam Road,600021
Gopalapuram,600086
Goudiyamath Road,600014
Government Estate,600002
Govt Stanely Hospital,600001
Greams Road,600006
Ground Training School,600046
Guindy Ind Estate,600032
Gunidy North,600015
Habibullah Road,600017
Harinarayanapuram,600021
Harrington Road,600031
High Court Buildings,600104
Hindi Prachar Sabha,600017
Hindustan Teleprinters,600032
I C F Colony,600038
Indian Inst Of Technology,600036
Indra Nagar,600020
Jaffarkhanpet,600095
Jam Bazaar,600014
Jawahar Nagar,600082
K K Nagar,600078
Kadirvedu,600066
Kaladipet,600019
Kalignar Karunanidhinagar,600078
Kalinga Colony,600078
Kalmandapam,600013
Kamarajanagar,600071
Kasimode,600013
Kasturbanagar,600020
Kilpauk,600010
Kilpauk Garden Colony,600010
Kilpauk Medical College,600010
Kilpauk West,600010
Kodambakkam,600024
Kodambakkam West,600024
Kolathur-Cpt,600099
Korattur,600080
Korattur R S,600076
Korukkupet,600021
Kosapet,600012
Kothwal Market,600001
Kottur Gram,600085
Kottur Madras,600085
Koyambedu,600107
Krishnampet,600005
Kudlyiruppur,600089
Kumaran Nagar,600033
Kunnathur Kanchipuram,600069
Lic Colony Tambaram,600059
Ligods Estate,600014
Ligods Road,600014
Loyla College,600034
Luz Church Road,600004
M P T Admn Office,600001
Madhavaram,600060
Madhavaram East,600060
Madhavaram Milk Colony,600051
Madipakkam,600091
Madras Air Port,600027
Madras Electricity System,600002
Madras Gpo,600001
Madras Medical College,600003
Madras Presidency College,600005
Madras Race Course,600032
Madras University,600005
Mambalam East,600033
Mambalam R S,600033
Manali Madras,600068
Manali New Town,600103
Mandavalli,600004
Mannady,600001
Mannurpettai,600050
Medavakkam Tank Road,600010
Mednambedu,600053
Mettupalayam,600033
Minambakkam,600027
Mint Buildings,600001
Monegar Choultry,600001
Moolakadai,600060
Mpt Staff Colony,600081
Ms Accountant General,600018
Ms Vivekanands College,600004
Muthialpet,600001
Mylopore,600004
Naganallur,600061
Naganallur South,600061
Nandanam,600035
Nandanam Bazaar,600035
Nanganallur Bazaar,600061
Negelkeni,600044
New Avadi Road,600010
Nochikuppam Colony,600004
North Thyagarayanagar,600017
Nungambakkam,600034
Nungambakkam Bazaar,600034
Nungambakkam High Road,600034
Offiers Trg School,600037
Old College Buildings,600006
Orgadam,600053
Padi,600050
Padi South,600050
Padianallur,600052
Pallavaram,600043
Pallavaram North,600043
Pallavaram South,600043
Palvanthangal,600061
Pammal,600075
Panagal Park,600017
Panchiappas College Hostel,600030
Park Town,600003
Parthasarathy Koil,600005
Pattabiram,600072
Pattabiram East,600072
Perambur,600011
Perambur Barracks,600012
Perambur High Road,600012
Perambur North,600011
Perungudi,600096
Police Head Quarters,600004
Polichalur,600074
Ponniammanmedu,600110
Poonamallee,600056
Poonamallee East,600056
Pozhal,600060
Prithivipakkam,600053
Pudupakkam,600014
Pudupet,600002
Pulianthope,600012
Purasawakkam,600084
R A Puram Colony,600028
Radhanagar,600044
Railway Car Shed Complex,600109
Railway Colony,600059
Raj Bhavan Madras Raja,600022
Rajah Thottam,600082
Rajainagar,600043
Ramakrishnanagar,600028
Rayapuram Madras,600013
Rayapuram Market,600013
Red Hills,600052
Red Hills Bazaar,600052
Regional Engg College,600052
Rengarajapuram,600024
Ripon Buildings,600003
Royapettah,600014
Royapettah High Road,600004
Saidapet Madras,600015
Saidapet West,600015
Saidhapet North,600015
Saligramam,600093
Saligramam South,600093
Santhome,600004
Sastrinagar,600020
Sathyamurthinagar,600062
Selaiyur,600073
Sembiam,600011
Sembier Street,600001
Service Centre,600031
Seven Wells,600001
Shanmugapuram,600019
Shastri Bhavan,600006
Shenoynagar,600030
Sidco Estate,600098
Sithathur,600074
Solai Street,600023
Solavaram,600067
Sowcarpet,600079
Sri Ayyappanagar,600111
Srinivasanagar,600063
St Thomas Mount H O,600016
Syrahans Road,600012
Tambaram East,600059
Tambaram H O,600045
Tambaram I A F,600046
Tambaram Sanitorium,600047
Tambaram West,600045
Taramani,600113
Technical Teachers Trg In,600020
Teynampet,600018
Teynampet South,600018
Teynampet West,600006
Thandarai,600072
Thayagaranagar H O,600017
Theosophical Society,600020
Thillaiganganagar,600061
Thyagarayanagar South,600017
Tirumangalam Road,600049
Tiruvaluvar Nagar,600016
Tiruvanmiyur,600041
Tiruvellikeni,600005
Tiruverkadu,600077
Tiruvottiur Central,600019
Tiruvottiyur,600019
Tiruvottiyur North,600019
Tiruvottiyur West,600019
Tondikarpet,600081
Treaning Institute,600113
Triplicane South,600014
Usman Road,600017
Vadapalani,600026
Vandalur,600048
Velacheri,600042
Venkatesapuram,600012
Vepery,600007
Vijayalakshmipuram,600053
Villivakkam,600049
Villivakkam North,600049
Villivakkam South,600049
Virugambakkam,600092
Virugambakkam Bazar,600092
Virugambakkam North,600092
Vyasarpady,600039
Vysarnagar Colony,600039
Vysarpady Coop Ind Estate,600039
Wal Tax Road,600001
Washermanpeta East,600021
Washermanpetta,600021
West Mambalam,600033
Wimconagar,600019
World University,600031
