SNO,Region,Pincode
1,R S Puram,641002
2,Lawely Road,641003
3,Peelamedu,641004
4,Singanallur,641005
5,Ganapathy,641006
6,Veera Keralam,641007
7,Kuniamuthur,641008
8,Ram Nagar,641009
9,Perur,641010
10,Saibaba Colony,641011
11,Gandhi Puram,641012
12,Govt College of Technology,641013
13,Coimbatore Civil Aerodrome,641014
14,Uppilipalayam,641015
15,Ondipudur,641016
16,Vadamadurai,641017
17,Coimbatore Central,641018
18,Press Colony,641019
19,Perianaickenpalayam,641020
20,Coimbatore Industrial Estate,641021
21,NGGO Colony,641022
22,Podanur,641023
23,Sundrapuram,641024
24,Velandi Palayam,641025
25,Selvapuram,641026
26,Rathnapuri,641027
27,Sowri Palayam,641028
28,Gananambika Mills,641029
29,Kavundam Palayam,641030
30,Narasimhanaicken Palayam,641031
31,Othakal Mandapam,641032
32,Neelikonam Palayam,641033
33,Thudialur,641034
34,Saravanampatti,641035
35,Nanjunda Puram,641036
36,Pappanaicken Palayam,641037
37,Kuppakonam Pudur,641038
38,Telengu Palayam,641039
39,Subramaniam Puram,641040
40,Vadavalli,641041
41,Kovaipudur,641042
42,Sree Avinashilingam Home Science College,641043
43,Siddhapudur,641044
44,Ramanatha Puram,641045
45,Bharathiyar University,641046
46,Jothi Puram,641047
47,Chinniam Palayam,641062
48,Alandurai,641101
49,Athikadvu,641102
50,Irugur,641103
51,Karamadai,641104
52,Madukkarai,641105
53,Pillur Dam,641106
54,Sarkar Sama Kulam,641107
55,Thadagam,641108
56,Thondamuthur,641109
57,Vaiyam Palayam,641110
58,Vellaore,641111
59,Parali Power House,641112
60,Seeliyur,641113
61,Nallur Vayal,641114
62,Chetti Palayam,641201
63,Vadasitham,641262
64,Sirumugai,641302
65,Mahadevapuram,641305
66,Kangayam Palayam,641401
67,Sulur,641402
68,Town Hall,641001
