S.No.,Post office,Pincode
1,A.Kuravankuppam,607802
2,Adari,606304
3,Adinarayananpuram,608801
4,Adur Agaram,607302
5,Agara Alambadi,608702
6,Agaram,608502
7,Akkadavalli,607205
8,Akkanur,606106
9,Akkarai Gori,607003
10,Alagaperumalkuppam,607101
11,Alaginatham,607109
12,Alambadi,606108
13,Alapakkam,608801
14,Alathur,606303
15,Alkondanatham,608305
16,Ambalavananpettai,607301
17,Ambapuram,608704
18,Ammapettai,608401
19,Ammeri,607802
20,Andarmullipallam,608801
21,Anguchettipalayam,607106
22,Annamalai University,608002
23,Annamalainagar,608002
24,Annavalli,607003
25,Anukkampattu,607301
26,Arangamangalam,607302
27,Arantangi,608301
28,Arasadikkuppam,607103
29,Ariyakoshti,608502
30,Athipatu,608401

31,Avatti,606108
32,Avinangudi,606111
33,Aviyanur,607101
34,Ayangudi,608306
35,Ayikuppam,607301
36,Ayyanur Akkaramangalam,608201
37,Azhisikudi,608601
38,B.Adivaraganallur,608501
39,B.Kolakudi,608704
40,B.Mutlur,608501
41,daiyur,608601
42,Badrakottai,607102
43,Bandarakottai,607108
44,Bhuvanagiri,608601
45,"Block 1, Neyveli",607801
46,"Block 10,neyveli",607801
47,"Block 18, Neyveli",607803
48,"Block 24, Neyveli",607801
49,"Block 26, Neyveli",607803
50,"Block 29, Neyveli",607807
51,"Block 5, Neyveli",607803
52,Budamur,606003
53,Budangudi,608702
54,Budavarayanpettai,608601
55,C Keeranur,606110
56,C.Arasur,608302
57,C.Mutlur,608102
58,C.Pudupettai,608502
59,C.Sathamangalam,608201
60,C.Veeracholagam,608602
61,Capperquary,607005
62,Chellanchery,605106
63,Chettithangal,608304
64,Chidambaram East,608001
65,Chidambaram,608001
66,Chidambaram North,608001
67,Chidambaram West,608001
68,Chinnakannadi,607302
69,Chinnanargunam,608704
70,Chinnapanaickenpalayam,607102
71,Chinnaparur,606104
72,Cuddalore Court Buildings,607001
73,Cuddalore,607001
74,Cuddalore Old Town,607003
75,Cuddalore Ot Bazaar,607003
76,Cuddalore Port,607003
77,Cuddalore Public Offices,607001
78,Deevalur,606110
79,Dharmanallur,606103
80,E.Keeranur,606106
81,Edaiyur,606302
82,Edayarkuppam,607102
83,Elleri,608303
84,Elumedu,607104
85,Eluthur,606303
86,Enathirimangalam,607108
87,Ennanagaram,608602
88,Erumanur,606003
89,Erumbur,608704
90,Eyyalur,608304
91,Fort St.David,607001
92,Gandhi Nagar,607308
93,Gavarappattu,608002
94,Gopalapuram,606103
95,Gudalur,606111
96,Gudithangi,607105
97,Gunamangalam,607109
98,Gundu Uppalavadi,607006
99,Guruvappanpettai,607302
100,Idaichittur,606104
101,Iruppu,607805
102,Jayankondapattinam,608002
103,K.Adur,608602
104,K.Alambadi,608602
105,Kadambuliyur,607103
106,Kalaiyur,607109
107,Kalinjikuppam,607104
108,Kalkunam,607302
109,Kaludur,606304
110,Kammapuram,606103
111,Kandakumaran,608305
112,Kandamangalam,608301
113,Kandrakottai,607205
114,Kanisapakkam,607106
115,Kanjankollai,608304
116,Kanur,608701
117,Kargudal,606003
118,Karmangudi,606110
119,Karnatham,606104
120,Karumbur,607108
121,Karunakaranallur,608301
122,Karunguli,607303
123,Karuppur,608401
124,Karuvepilankurichi,606110
125,Kathazhai,606103
126,Kattamuthupalayam,607205
127,Kattugudalur,607805
128,Kattumailur,606304
129,Kattumannarkoil,608301
130,Kavalakudi,608702
131,Kavanur,608703
132,Keelamoongiladi,608102
133,Keelanuvampattu,608102
134,Keerapalayam,608602
135,Kilacheruvoi,606106
136,Kilakalpoondi,606303
137,Kilapalaiyur,606103
138,Kilarungunam,607105
139,Kilimangalam,606105
140,Kiliruppu,607103
141,Kilkangeyankuppam,607805
142,Kilkavarappattu,607112
143,Killai,608102
144,Kilmampattu,607106
145,Kilur,607302
146,Ko Adhanur,606003
147,Ko Pavalangudi,606104
148,Kodiyampalayam,608002
149,Kodukkanpalayam,607003
150,Kollimalai Kilpathi,608303
151,Kollumedu,608303
152,Komaratchi,608302
153,Konankuppam,606104
154,Kondasamudram,608701
155,Kondur,607006
156,Kongarayanur,607104
157,Konur,606105
158,Korakkavadi,606303
159,Kosapallam,606105
160,Kothattai,608501
161,Kothattai,606111
162,Kothavacheri,608601
163,Kothavasal,608305
164,Kottagam,607802
165,Kotteri,607804
166,Kovilampoondi,608002
167,Kozhai,608703
168,Krishnankuppam,607301
169,Krishnapuram,608602
170,Kudimiyankuppam,607101
171,Kuduveli,608305
172,Kullanchavadi,607301
173,Kumarakud,608702
174,Kumaramangalam,607205
175,Kummidimulai,608601
176,Kunamangalam,608703
177,Kundiyamallur,607301
178,Kunjimedu,608306
179,Kuppanatham,606003
180,Kuriamangalam,608501
181,Kurinjipadi,607302
182,Lakkur,606303
183,Lakshminarayanapuram,607106
184,Lalpet,608303
185,Lalpuram,608602
186,M.Adhanur,608304
187,M.Kolakudi,608301
188,M.Odaiyur,608303
189,M.Pudur,607004
190,M.Puliyangudi,608302
191,Ma Podaiyur,606108
192,Madanagopalapuram,607301
193,Maduranthaganallur,608201
194,Malayanur,606108
195,Maligaimedu,607112
196,Maligampattu,607106
197,Mamangalam,608701
198,Manamthavizhnthaputhur,607101
199,Manavalanallur,606003
200,Mangalur,606108
201,Maniadur,608303
202,Manikollai,608501
203,Manjakkuppam,607001
204,Manjakollai,608601
205,Manjakuli,608501
206,Marudadu,607109
207,Marudur,608704
208,Marungur,608703
209,Marungur,607103
210,Maruvai,607303
211,Mathalapattu,605007
212,Mathur,606104
213,Melakadambur,608304
214,Melakolakudi,607802
215,Melakuppam,607802
216,Melamanakudi,608601
217,Melapalachanallur,608301
218,Melaparuthikudi,608302
219,Melavanniyur,608302
220,Melkavrapattu,607112
221,Melmampattu,607103
222,Melpattambakkam,607104
223,Melur,606111
224,Mettukkuppam,607802
225,Miralur,608601
226,Mogaiyur,608305
227,Moolakuppam,607303
228,Movur,608306
229,Mudanai,607804
230,Mudapuli,607805
231,Mudikandanallur,608702
232,Mullangudi,608302
233,Murugangudi,606105
234,Muthukamatchithottam,608001
235,Muttam,608306
236,N. Naraiyur,606304
237,N.Moolakuppam,607102
238,Nadukkuppam,607103
239,Naduveerappattu,607102
240,Nagar,606302
241,Nagarapadi,608703
242,Nakkaravanthankudi,608002
243,Nallathur,605106
244,Nallur,606302
245,Nandesswaramangalam,608702
246,Nangudi,608702
247,Nanjalur,608302
248,Nanjamahathuvazkai,608102
249,Natham,607101
250,Nathapattu,607109
251,Nattarmangalam,608301
252,Nellikkuppam,607105
253,Nellikuppam Bazaar,607105
254,Neyvasal,608303
255,Neyveli 1,607801
256,Neyveli 2,607802
257,Neyveli 3,607803
258,Neyveli Ii Thermal Station,607807
259,Neyveli Second Mines,607802
260,Neyveli Thermal Bus Stand,607807
261,Nithinatham,606304
262,Odakkanallur,608201
263,Omampuliyur,608306
264,Oomangalam,607804
265,Oraiyur,607108
266,Orangur,606108
267,Orathur,608201
268,Ottimedu,606103
269,Pachayankuppam,607003
270,Padirikuppam,607401
271,Pagandai,607112
272,Pakkam,605106
273,Palayamkottai Melpathy,608701
274,Palayamkottai,608701
275,Palayapattinam,606104
276,Pali,606104
277,Pallavarayanatham,607102
278,Palur,607102
279,Panikuppam,607106
280,Pannapattu,608201
281,Panruti East,607106
282,Panruti,607106
283,Panruti West,607106
284,Paradur,608201
285,Parangipettai,608502
286,Paravalur,606003
287,Pasar,606304
288,Pelandurai,606105
289,Pennadam R.S.,606111
290,Pennadam,606105
291,Perambalur,606302
292,Perampattu,608002
293,Periyakappankulam,607802
294,Periyakomatti,608501
295,Periyakottumulai,606103
296,Periyakuppam,608801
297,Periyanellikkollai,608704
298,Periyanesalur,606304
299,Perperiyankuppam,607805
300,Perumalnaickenpalayam,607104
301,Perumulai,606106
302,Perungalur,608305
303,Perur,608701
304,Pethanaickenkuppam,607302
305,Pichavaram,608002
306,Pillaiyarthangal,608303
307,Pillur,606304
308,Pinnalur,608704
309,Pinnathur,608102
310,Ponnanthittu,608102
311,Poochimedu,608801
312,Poolambadi,606304
313,Poondi,608703
314,Poondiyankuppam,607005
315,Poovanikkuppam,608801
316,Pothiramangalam,606111
317,Poynapadi,606304
318,Pudaiyur,608701
319,Puduchatram,608501
320,Pulamedu,608302
321,Pulavanur,607205
322,Puliyur,607301
323,Puthupet,607108
324,Puvalai,608601
325,Puvanur,606104
326,Pythambadi,607101
327,Rajendra Cholagam,608301
328,Rajendra Pattinam,608703
329,Ramapuram,608701
330,Ramapuram,607003
331,Reddichavadi,607403
332,Reddiyur,608304
333,Rettakurichi,606304
334,Sakkangudi,608201
335,Salianthoppu,608401
336,Samattikuppam,607301
337,Samiyarpettai,608502
338,Sangolikuppam,607005
339,Sathamangalam,606003
340,Sathanatham,606111
341,Sathankuppam,607004
342,Sathapadi,608601
343,Sathapadi,606103
344,Sathipattu,607106
345,Sathiyam,606302
346,Sathiyavadi,606110
347,Sathukudal,606110
348,Sedapalayam,607003
349,Sellankuppam,607003
350,Semmandalam,607001
351,Semmedu,607106
352,Semokottai,607106
353,Seplanatham,607802
354,Seppakkam,606302
355,Serakuppam,607303
356,Sethiathope,608702
357,Sevveri,606106
358,Shandan,608304
359,Sholathiram,608701
360,Sholavalli,607105
361,Silambimangalam,608801
362,Silambinathanpettai,607102
363,Singirikoil,605007
364,Sipcot Cuddalore,607005
365,Sirugramam,607101
366,Sirukattur,608304
367,Sirumangalam,606302
368,Sirumulai,606106
369,Sirupakkam,606108
370,Siruthondamadevi,607103
371,Siruvathur,607106
372,Sithamalli,608301
373,Sivapuri,608002
374,Sorathur,607805
375,Sornavur Melpathi,607104
376,Sri Adivaraganallur,608703
377,Sri Pudur,608703
378,Sri Vakkaramari,608703
379,Srimushnam,608703
380,Srinedunjeri,608703
381,Suba Uppalavadi,607006
382,Subramaniyapuram,607301
383,Sundaravandi,607401
384,Suravilandur,608302
385,T Gopurapuram,606003
386,T.Nedunjeri,608305
387,T.Palayam,607301
388,Temmur,608302
389,Terkuviruthangam,608305
390,Thachur,606303
391,Thatchakadu,608501
392,Thattampalayam,607205
393,Theerthanagiri,608801
394,Theethampalayam,608501
395,Therku Vadakku Puthur,606110
396,Thillaividangan,608102
397,Thiyagavalli,608801
398,Thokkanambakkam,607402
399,Tholar,606111
400,Thondamanatham,607301
401,Thoravalur,606003
402,Tirukandeeswaram,607105
403,Tirumanikuzhi,607401
404,Tirunaraiyur,608303
405,Tirupadiripuliyur,607002
406,Tiruppadiripuliyur Bazaar,607002
407,Tiruppadiripuliyur West,607002
408,Tiruthuraiyur,607205
409,Tiruvamur,607106
410,Tiruvattathurai,606111
411,Tiruvendhipuram,607401
412,Tittagudi,606106
413,Toludur,606303
414,U Agaram,607804
415,Udayargudi,608301
416,Uthamacholamangalam,608002
417,Uttangal,607804
418,Vadakkumangudi,608401
419,Vadakkupalayam,608701
420,Vadakkuvelur,607802
421,Vadakuthu,607303
422,Vadalur,607303
423,Vadathalaikulam,608704
424,Vagaiyur,606106
425,Vaithiyanathapuram,606303
426,Vaiyur,608401
427,Vakkur,608201
428,Valakollai,608702
429,Valasakkadu,608701
430,Valayamadevi,608704
431,Valisodanaipalayam,607003
432,Vallam,607805
433,Vallampadugai,608401
434,Vallimaduram,606108
435,Valudalampattu,607301
436,Vanamadevi,608701
437,Vanamadevi,607105
438,Vanathirayapuram,607303
439,Vandipalayam,607004
440,Vannaiyur,608302
441,Vanpakkam,607105
442,Varakalpattu,607109
443,Varambanur,606302
444,Varinjipakkam,607205
445,Vasanankuppam,607301
446,Vasantharayanpalayam,607003
447,Vattathur,608702
448,Vayalur,608602
449,Veeramudayanatham,608702
450,Veeranandapuram,608301
451,Veerraperumanallur,607101
452,Vehakollai,607302
453,Vellakarai,607003
454,Vellapakkam,607109
455,Venganur,606303
456,Venkatampettai,607302
457,Veppur (SA),606304
458,Vijayamanagaram,606104
459,Vilagam,608305
460,Vilangattur,606302
461,Villiyanallur,608501
462,Virupakshi,607302
463,Visoor,607805
464,Vriddhachalam Bazaar,606001
465,Vriddhachalam Cutchery,606001
466,Vriddhachalam,606001
