SNO,Region,Pincode
1,A.Gollahalli,636704
2,A.Jettihalli,636807
3,A.Pallipatti,636905
4,A.Sappanipatti,635205
5,Achalvadi,636903
6,Adagapadi,636803
7,Adikarapatti,636905
8,Adiyamankottai,636807
9,Agraharam,636903
10,Ajjanahalli,636810
11,Akkamanahalli,636704
12,Alamelupuram,636905
13,Alapuram,636904
14,Ammampalayam,636114
15,Ammanimallapuram,636801
16,Andiyur,636906
17,Anjehalli,636813
18,Annasagaram,636704
19,Arakasanahalli,636811
20,Arasampatti,635201
21,Attornahalli,636805
22,Badrahalli,636810
23,Bairnaickenpatti,636906
24,Bairnatham,636905
25,Baisuhalli,635205
26,Balajangamanahalli,636807
27,Barur,635201
28,Batchapet,636903
29,Bedrahalli,636803
30,Begarahalli,636808
31,Belarahalli,636808
32,Bendrahalli,635201
33,Bettamugulalam,636806
34,Bikkampatti,636813
35,Biliyanur Agraharam,636813
36,Bommanur,636805
37,Bommidi,635301
38,Boodanahalli,636804
39,Buddireddipatti,635302
40,Chellampatti,636903
41,Chetthalli,636809
42,Chikkadornabetta,636806
43,Chinnampalli,636811
44,Chinnankuppam,636903
45,Chintalpadi,635302
46,D Thurinjipatti,635202
47,Dalavaihalli,636803
48,Dandukaranahalli,636808
49,Dasarahalli,635305
50,Dharmapuri,636701
51,Dharmapuri Collectorate,636705
52,Dharmapuri Fort,636701
53,Dharmapuri Pub. offices,636701
54,Dharmapuri R.s,636701
55,Dharmapuri South,636701
56,Dinnabelur,636810
57,Doddampatti,636903
58,Dokkubothanahalli,636807
59,Donnakuttahalli,636810
60,Eachambadi,636902
61,Elagiri,636807
62,Elavadai,635305
63,Ellapudayampatti,636903
64,Erranahalli,636808
65,Errapayanahalli,636813
66,Erupalli,636813
67,Esalpatti,636807
68,Gendenahalli,636811
69,Gendiganahalli,635205
70,Giddanahalli,636809
71,Gobichettipalayam,635305
72,Gobinathampatti,635305
73,Gudalur,636906
74,Gujjarahalli,636806
75,Hale Dharmapuri,636701
76,Hanumanthapuram,636802
77,Hanumantheertham,636902
78,Harur,636903
79,Harur Bazaar,636903
80,Hogenakkal,636810
81,Ichambadi,635202
82,Ichampatti,636807
83,Indur,636803
84,Irumathur,635201
85,Ittiampatti,636903
86,Jakkasamudram,636805
87,Jakkupatti,635202
88,Jammanahalli,636904
89,Jertalav,636808
90,Jingalkathirampatti,635201
91,Jittandahalli,636805
92,K.Vetrapatti,636902
93,Kadagathur,636809
94,Kadathur,635303
95,Kalappambadi,636811
96,Kalasapadi,636903
97,Kalipettai,636905
98,Kambainallore,635202
99,Kammampatti,636352
100,Kandagavundanur,635301
101,Kandenahalli,636806
102,Kannipatti,635205
103,Kathanahalli,636808
104,Kathirinaickenahalli,635303
105,Kathiripatti,636906
106,Kattampatti,636808
107,Katteri,636902
108,Keelkuppam,636902
109,Keeraipatti,636903
110,Kelavalli,635202
111,Keraikodahalli,635305
112,Kokkarapatti,636905
113,Kolagampatti,636903
114,Komarasamipatti,636701
115,Kombur,636905
116,Konangihalli,636813
117,Kongarapatti,635202
118,Kongavembu,636902
119,Koothapadi,636810
120,Kottapatti,636906
121,Kottumaranahalli,635205
122,Kovilur,635205
123,Krishnapuram,635202
124,Kuppangarai,635205
125,Kuppur,636704
126,Kurubarahalli,635302
127,Lakshmapuram,636905
128,Laligam,636804
129,M.Maravadi,636805
130,Mademangalam,636804
131,Mahendramangalam,636805
132,Makkanur,636803
133,Mallikuttai,635205
134,Mallupatti,636805
135,Mampatti,636902
136,Manchinayakkanahalli,636813
137,Mangarai,636813
138,Maniyadahalli,636807
139,Maniyambadi,635303
140,Manjarahalli,636810
141,Marandahalli,636806
142,Marandahalli Bazaar,636806
143,Maravadi,635205
144,Maruthipatti,635305
145,Mathikonpalayam,636701
146,Matlamapatti,635205
147,Menisi,636904
148,Mittadinnahalli,636804
149,Mittanoolahalli,636704
150,Mobiripatti,636902
151,Modur,635205
152,Molayanur,636904
153,Moolakadu,636352
154,Morappur,635305
155,Mottankurichi,635302
156,Mukkanahalli,635202
157,Mullikadu,636905
158,Murukkampatti,635202
159,Nagamarai,636810
160,Nagarkudal,636803
161,Nallampalli,636807
162,Nallasenahalli,636804
163,Nammanadahalli,636812
164,Naripalli,636906
165,Narthampatti,636804
166,Navalai,635305
167,Nettadahalli,636803
168,Nochikuttai,636903
169,Noolahalli,636813
170,Obilinaickenahalli,635303
171,Odasahalli,635303
172,Onnappagoundanahalli,636809
173,P.Agraharam,636809
174,P.Chettihalli,636808
175,Padi,636809
176,Pagalahalli,636807
177,Palacode,636808
178,Palavadi,636809
179,Palayam,636807
180,Panjapalli,636812
181,Pappambadi,636905
182,Pappinaickenpatti,636808
183,Pappireddipatti,636905
184,Parayapatti,635305
185,Parayapattipudur,636903
186,Pattukonampatti,636905
187,Paupparapatti,636809
188,Pennagaram,636810
189,Pereripudur,636903
190,Periyanahalli,635205
191,Periyapatti,636906
192,Perumbalai,636811
193,Petatampatti,636903
194,Pikkili,636809
195,Pilparuthi,635301
196,Poduthampatti,636808
197,Polayampalli,635305
198,Poyyapatti,636906
199,Pudupatti,636905
200,Pulidikarai,635202
201,Pulikarai,636808
202,Pungunatham,636803
203,Rajagollahalli,636813
204,Ramagondahalli,636810
205,Ramenahalli,635302
206,Ranimookanur,635303
207,Regadahalli,635301
208,Samanur,636806
209,Samichettipatti,636807
210,Sandapatti,635305
211,Sathiyanathapuram,636813
212,Seeriyanahalli,636808
213,Selliampatti,636809
214,Senganur,636810
215,Settikarai,636704
216,Sikkalur,636906
217,Sillarahalli,635303
218,Sitrapatti,635305
219,Sitteri,636903
220,Sittilingi,636906
221,Sogathur,636809
222,Solaikottai,636704
223,Somenahalli,636803
224,Sunchalnatham,636810
225,Sunnampatti,636808
226,T.Ganigarahalli,636352
227,Tenkaraikottai,636904
228,Thalanatham,635302
229,Thathampatti,635201
230,Thippampatti,635202
231,Thippireddihalli,635301
232,Thirumalvadi,636808
233,Thokkampatti,636705
234,Thoppur,636352
235,Thumbalammaepettai,636906
236,Thumjepalli,636812
237,Thurinjipatti,635301
238,Tirtamalai,636906
239,Ungaranahalli,636704
240,Vagurappampatti,635202
241,Vaguthupatti,635302
242,Vattuvanahalli,636810
243,Vedakattumaduvu,636906
244,Vedarampatti,635202
245,Veerappanaickenpatti,636906
246,Velanur,636906
247,Vellalapatti,635202
248,Venkatadrihalli,635303
249,Venkatasamudram,636905
250,Venkatenahalli,636704
251,Vennampatti,636705
252,Veppalahalli,636805
253,Veppampatti,636903
254,Veppilaimuthampatti,635301
255,Yelangalpatti,636808
