SNO,Location,Pincode
1,A.Nadupatti,624302
2,Achanampatti,624702
3,Adalur,624212
4,Adiyanuthu,624003
5,Adukkam,624101
6,Agaram,624709
7,Alagapuri,624710
8,Alamarathupatti,624303
9,Alambadi,624620
10,Alambadimines,624703
11,Amarapundi,624613
12,Ambathurai,624302
13,Ambathurai R.s,624302
14,Ambilikai,624612
15,Ammapatti,624622
16,Ammayanaickanur,624201
17,Anaipatti,624620
18,Andipatti,624621
19,Angunagar,624001
20,Anjukulipatti,624308
21,Appanuthu,624617
22,Aranmanaivalasu,624616
23,Arasappapillaipatti,624619
24,Athikombai,624619
25,Attur,624701
26,Attuvampatti,624101
27,Avichipatti,624401
28,Avilipatti,624304
29,Ayakudi,624613
30,Ayyalur,624801
31,Ayyankottai,624211
32,Balakrishnapurampudur,624005
33,Balasamudram,624610
34,Batlagundu,624202
35,Batlagundu Bazar,624202
36,Begampur,624002
37,Bharathipuram,624003
38,Bodikamanvadi,624708
39,Boduvarpatti,624614
40,Bojanampatti,624802
41,Boothagudi,624402
42,Chatirapatti,624620
43,Chatrapatti,624614
44,Chettiapatti,624314
45,Chinnakalayamputhur,624615
46,Chinnakkampatti,624712
47,Chinnalapatti,624301
48,Chinnamandavadi,624612
49,Chittoor,624702
50,D.Gudalur,624620
51,Dasaripatti,624614
52,Devarappanpatti,624204
53,Devathur,624614
54,Devinaickenpatti,624711
55,Dharmathupatti,624714
56,Dindigul,624001
57,Dindigul Bus stand,624001
58,Dindigul Collectorate,624004
59,Dindigul East,624003
60,Dindigul Fort,624001
61,Dindigul North,624001
62,Dindigul Santhaipettai,624003
63,Dindigul South,624001
64,Emakkalapuram,624304
65,Eriyodu,624702
66,Erramanaickenpatti,624613
67,Ethilodu,624219
68,G.Thummalapatti,624202
69,Gandhigram,624302
70,Gurunathanaickanur,624622
71,Guziliamparai,624703
72,Hanumantharayankottai,624054
73,I.Vadipatti,624616
74,Idayakottai,624704
75,Iyyampalayam,624204
76,Jambudarikottai,624206
77,Jambuliapatti,624005
78,Javadhupatti,624704
79,Jenankottai,624710
80,Jogipatti,624704
81,Jothampatti,624308
82,K.Ayyapatti,624308
83,K.C.patti,624212
84,K.Keeranur,624616
85,K.Pudukottai,624622
86,K.Rajathanikottai,624206
87,K.Singarakottai,624708
88,Kalanampatti,624710
89,Kalanjipatti,624619
90,Kalayamputhur,624615
91,Kalikkampatti,624303
92,Kalladipatti,624201
93,Kallimandayam,624616
94,Kallipatti,624709
95,Kalvarpatti,624711
96,Kamanur,624216
97,Kamatchipuram,624622
98,Kambiliampatti,624306
99,Kanakkanpatti,624613
100,Kanalkadu,624216
101,Kanapadi,624802
102,Kanavoipatti,624308
103,Kanniapuram,624308
104,Kannivadi,624705
105,Kappalapatti,624614
106,Kappiliapatti,624612
107,Kariampatti,624616
108,Karikali,624703
109,Karikaranpudur,624615
110,Kasampatti,624401
111,Kasavanampatti,624705
112,Kasipalayam,624711
113,Kattakamanpatti,624202
114,Kattakoothanpatti,624215
115,Kattupatti,624306
116,Kavalapatti,624621
117,Kaveriammapatti,624619
118,Kaviakadu,624212
119,Kavunji,624103
120,Kazhutharukkipalayam,624616
121,Keeranur(ma),624617
122,Kethaiyarumbu,624619
123,Kilanavayal,624103
124,Kilavarai,624103
125,Kodagipatti,624403
126,Kodaikanal,624101
127,Kodaikanal Observatory,624103
128,Kodaimangalam,624618
129,Kodairoad R.s.,624206
130,Kodalangadu,624216
131,Kodanginaickenpatti,624215
132,Kodangipatti,624710
133,Kolinjipatti,624304
134,Kollapatti,624801
135,Komberipatti,624801
136,Konapatti,624304
137,Konur,624705
138,Kookal,624103
139,Koovakkapatti,624710
140,Koovanuthu,624003
141,Kosavapatti,624304
142,Kosikurichi,624401
143,Kothayam,624614
144,Kottaipatti,624403
145,Kottaiyur,624402
146,Kottanatham,624620
147,Kottapatti,624002
148,Kottathurai,624617
149,Kottur,624215
150,Kovilammapatti,624618
151,Kovilur,624706
152,Kulathupatti,624706
153,Kulathur,624005
154,Kullalagundu,624201
155,Kullichettipatti,624219
156,Kumbaraiyur,624202
157,Kumbur,624710
158,Kumburvayal,624101
159,Kunnuvarankottai,624220
160,Kuppammalpatti,624212
161,Kusavapatti,624802
162,Kuthiluppai,624712
163,Kuttam,624711
164,Kuttampundi,624616
165,Kuttathupatti,624002
166,Kuttupatti,624401
167,Kuzhipatti,624202
168,Landakottai,624620
169,Lingavadi,624401
170,M.N.patti,624002
171,M.Vadipatti,624211
172,Ma.Athappanpatti,624712
173,Machur,624101
174,Madur,624306
175,Malayagondanpatti,624201
176,Mallanampatti,624202
177,Mallapuram,624703
178,Mallayapuram,624707
179,Malvarpatti,624709
180,Manakkattur,624403
181,Mandavadi,624612
182,Mangarai,624622
183,Manjalpirappu,624212
184,Manjanaickenpatti,624614
185,Mannavanur,624103
186,Manur,624618
187,Marambadi,624709
188,Marichilambu,624613
189,Markampatti,624306
190,Markkampatti,624712
191,Marunoothu,624304
192,Maruthanathi-project,624204
193,Melkaraipatti,624617
194,Melpallam,624101
195,Mengles Road,624001
196,Mettupatti,624616
197,Metturgate,624206
198,Micheal Palayam,624215
199,Minukampatti,624711
200,Moolaiyar,624210
201,Moongilpatti,624402
202,Morepatti,624802
203,Mottanampatti,624802
204,Mulaiyur,624401
205,Mullipadi,624005
206,Munnilakottai,624303
207,Murunellikottai,624710
208,Musuvanuthu,624219
209,Muthalagupatti,624002
210,Muthanampattipudur,624622
211,Muthunaickenpatti,624618
212,N.G.o.colony,624001
213,N.Panjampatti,624303
214,N.Paraipatti,624005
215,N.Pudupatti,624401
216,Nadakottai,624220
217,Nadumandalam,624401
218,Nadupatti,624212
219,Naduvanur,624401
220,Nagalnagar,624003
221,Nagayakottai,624706
222,Naidupuram,624101
223,Nallamanaickenpatti,624003
224,Nallamanarkottai,624005
225,Nallurkadu,624212
226,Nalupulikottai,624619
227,Narasingapuram,624307
228,Narikalpatti,624618
229,Nariyuthu,624215
230,Natham,624401
231,Natham East,624401
232,Natham Koilpatti,624401
233,Nathambazar,624401
234,Nathapatti,624710
235,Neelamalaikottai,624619
236,Neikkarapatti,624615
237,Nellur,624204
238,Nilakottai,624208
239,Nuthalapuram,624202
240,Odaipatti,624612
241,Oddanchatram,624619
242,Oddanchatram North,624619
243,Old Batlagundu,624202
244,Old Oddanchatram,624619
245,Oruthattu,624206
246,Ottupatti,624708
247,Pachalur,624212
248,Pachamalayankottai,624707
249,Padiyur,624005
250,Paganattam,624702
251,Palakkanuthu,624624
252,Palamalai,624101
253,Palani,624601
254,Palani Bazaar,624601
255,Palani Devastanam,624601
256,Palani East,624601
257,Palani North,624601
258,Palani R.s,624601
259,Palani West,624601
260,Palappanpatti,624616
261,Palarparundalar Dam,624610
262,Palayakannivadi,624705
263,Palayam,624620
264,Palayankottai,624708
265,Pallangi,624101
266,Pallapatti,624201
267,Pallathukalvai,624212
268,Pambarpuram,624101
269,Pandianagar,624001
270,Pandithakaranur,624620
271,Pandrimalai,624212
272,Pannaikadu,624210
273,Pannaipatti,624705
274,Pappampatti,624621
275,Pappanampatti,624622
276,Paraipatti,624707
277,Paruthiyur,624616
278,Pattiveeranpatti,624211
279,Pazhamputhur,624103
280,Periakuzhipatti,624704
281,Perichipalayam,624617
282,Periyakalayamputhur,624615
283,Periyakottai,624614
284,Periyamottanuthu,624618
285,Periyur,624212
286,Perumalkoilpatti,624302
287,Perumalmalai,624101
288,Perumalnaickenvalasu,624614
289,Perumalpudur,624615
290,Perumbarai,624212
291,Perumpallam,624101
292,Pethanaickenpatti,624615
293,Pilathu,624802
294,Pillamanaickenpatti,624706
295,Pillayarnatham,624403
296,Pithalaipatti,624002
297,Polur,624103
298,Ponnimandurai,624002
299,Poolampati,624613
300,Poombarai,624103
301,Poonuthu,624711
302,Poosaripatti,624202
303,Poothampatti,624702
304,Porulur,624616
305,Prakasapuram,624101
306,Puduchatram,624619
307,Pudur,624614
308,Pudur(ntm),624401
309,Pudurchettiapatti,624710
310,Pulathur,624202
311,Puliamarathukottai,624710
312,Puliampatti,624617
313,Puliyurnatham,624704
314,Pundi,624103
315,Punnapatti,624401
316,Pushpathur,624618
317,Puthuputhur,624103
318,Puthur,624801
319,R.Iyyampalayam,624621
320,R.Kombai,624706
321,R.Pudukottai,624706
322,R.Vellodu,624620
323,Ragalapuram,624304
324,Rajakkapatti,624316
325,Rajampatti,624617
326,Rajathanikottai,624220
327,Ramagiri,624703
328,Ramarajapuram,624213
329,Reddiapatti,624401
330,Reddiarchatram,624622
331,S.R.g.pudur,624619
332,S.Vadipatti,624622
333,Sadayampatti,624306
334,Sakkampatti,624612
335,Sakkiliankodai,624308
336,Samiyarpatti,624312
337,Samudrapatti,624402
338,Sanarpatti,624304
339,Sandaiyur,624220
340,Sangalpatty,624215
341,Sangampalayam,624617
342,Sangareddikottai,624211
343,Sankarapuram,624215
344,Sathampadi,624401
345,Sedapatti,624708
346,Sellamanthadi,624005
347,Sembatti,624707
348,Sendurai,624403
349,Sengurichi,624306
350,Senkattampatti,624708
351,Sennamanaickenpatti,624004
352,Servaikaranpatti,624620
353,Sethur,624401
354,Settinaickenpatti,624004
355,Sevugampatti,624211
356,Shenbaganur,624101
357,Silaipadi,624005
358,Silukkuvarpatti,624215
359,Siluvathur,624306
360,Silvarpatti,624709
361,Sindalagundu,624002
362,Singarakottai.V.,624802
363,Sirugudi,624404
364,Sirumalai,624003
365,Sirumalaipudur,624003
366,Sirunaickenpatti,624307
367,Sitharevu,624228
368,Sithargalnatham,624219
369,Sithayankottai,624708
370,Sithuvarpatti,624801
371,Solaikadu,624212
372,Soolapuram,639203
373,Sreerankattupatti,624401
374,Srinivasapuram,624101
375,Sriramapuram,624702
376,St.Marys estate,624212
377,Sukkampatti,624801
378,Sullerumbu,624710
379,T.Panjampatti,624304
380,T.Pudupatti,624705
381,T.Vadugapatti,624308
382,Tadicombu,624709
383,Tandigudi,624216
384,Teppakulathupatti,624709
385,Thalaiyuthu,624618
386,Thamaraikulam,624615
387,Thamaraipadi,624005
388,Thangachiammapatti,624612
389,Thathanaickenpatti,624621
390,Thattarapatti,624710
391,Thavasimadai,624304
392,Thazhakadai,624003
393,Theethagoundenvalasu,624616
394,Thennampatti,624802
395,Theppathupatti,624220
396,Thettupatti,624705
397,Thimmanallur,624308
398,Thonimalai,624212
399,Thoppampatti,624617
400,Thottanampatti,624005
401,Thottanuthu,624005
402,Thozhipatti,624703
403,Thummalagundu,624802
404,Thummalapatti,624617
405,Tirukoornam,624620
406,Tirumalaigoundenvalasu,624616
407,Ulliyakottai,624703
408,Undarpatti,624709
409,Uralipatti,624402
410,Usilampatti,624706
411,Uthupatti,624206
412,V.S.k.kurumbapatti,624306
413,Vadagadu,624619
414,Vadagounji,624101
415,Vadakattupudur,624304
416,Vadamadurai,624802
417,Vadugampadi,624706
418,Vagarai,624613
419,Vaithilathoppampatti,624306
420,Vakkampatti,624303
421,Valayapatti,624704
422,Vallipatti,624710
423,Vanikarai,624710
424,Vannampatti,624707
425,Varthamanathi Dam project,624613
426,Vathipatti,624401
427,Vedasandur,624710
428,Veerakkal,624303
429,Veeralapatti,624614
430,Veerasinnnampatti,624304
431,Velampatti,624617
432,Vellagavi,624101
433,Vellodu,624307
434,Velvarkottai,624803
435,Vembarpatti,624308
436,Vengalapatti,624212
437,Venkatasrikottai,624202
438,Veriyappur,624619
439,Vilampatti,624219
440,Vilpatti,624101
441,Viralimayanpatti,624220
442,Viralipatti,624709
443,Virupatchi,624614
444,Viruthalaipatti,624711
445,Viruveedu,624220
446,Yeluvanampatti,624202
