SNO,Post Office,Pincode
1,A.Sembulichampalayam B.O,638502
2,Achur B.O,638673
3,Alampadi B.O,638701
4,Alampalayam B.O,638661
5,Alampalayam B.O,638105
6,Alampalayam B.O,638501
7,Alangiam B.O,638657
8,Alathur B.O,638455
9,Alingiam(Gobi) B.O,638457
10,Alukuli B.O,638453
11,Ambodi B.O,638459
12,Ammankoil B.O,638109
13,Ammapettai S.O,638311
14,Anaipalayam B.O,638752
15,Anangur B.O,639202
16,Anjanur(Vemandampalayam) B.O,638462
17,Anjur B.O,638151
18,Anthiyur S.O,638501
19,Appakudal B.O,638315
20,Arachalur S.O,638101
21,Araipalayam B.O,638401
22,Arakkankottai B.O,638506
23,Aralavadi B.O,638461
24,Arasur B.O,638454
25,Aratholuvu B.O,638701
26,Arikkaranvalasu B.O,639201
27,Ariyappampalayam B.O,638402
28,Athani S.O (Erode),638502
29,Athiyur B.O,638103
30,Attavanai Hanumanpalli B.O,638101
31,Avalpundurai S.O,638115
32,Avanashipalayampudur B.O,638701
33,Avanashipalyaam B.O,638660
34,Avudayarparai B.O,638151
35,Ayalur B.O,638453
36,Ayyampalayam B.O,638455
37,Ayyampalayam B.O,638151
38,Bagavankoil B.O,638673
39,Bannari B.O,638401
40,Bargur-Anthiyur B.O,638501
41,Basuvanapuram B.O,638503
42,Basuvapatti B.O,638051
43,Bellampatti B.O,638702
44,Bhavani Cutcherry S.O,638301
45,Bhavani H.O,638301
46,Bhavani Kudal S.O,638301
47,Bhavanisagar S.O,638451
48,Bommanallur B.O,638673
49,Brahmadesam B.O,638315
50,Budapadi B.O,638311
51,Cauvery Railway Station S.O,638007
52,Chengapalli S.O,638812
53,Chennampatti B.O,638504
54,Chennimalai S.O,638051
55,Chikkahalli B.O,638461
56,Chikkaiah Naicker College B.O,638004
57,Chikkarasampalayam B.O,638401
58,Chimtahalli B.O,638461
59,Chinnaickampalayam B.O,638657
60,Chinnamarudur B.O,638106
61,Chinnapallam B.O,638311
62,Chinnaputhur B.O,638657
63,Chinniampalayam (Kunnathur) B.O,638103
64,Chitravuthampalayam B.O,638657
65,Chittode S.O,638102
66,Cholakkadai Street S.O,638656
67,Dalavoipalayam B.O,638751
68,Dalavoipattinam S.O,638672
69,Dalavoipettai B.O,638312
70,Dasappagoundanpudur S.O,638503
71,Dasarapatti B.O,638657
72,Dasavanaickenpatti B.O,638111
73,Desipalayam B.O,638459
74,Devarajapattinam B.O,638702
75,Dharapuram H.O,638656
76,Dharapuram South B.O,638656
77,Dhimbam B.O,638401
78,Doddagajanur B.O,638461
79,Doddampalayam B.O,638451
80,Doddapura B.O,638461
81,Edakkalpadi B.O,639202
82,Edayankattuvalsu S.O,638009
83,Elathur Chettipalayam B.O,638458
84,Elavamalai B.O,638316
85,Elavanatham B.O,638101
86,Ellisnagar S.O,638657
87,Elumathur B.O,638104
88,Emmammpoondi B.O,638460
89,Ennamangalam B.O,638501
90,Erachapadi B.O,639202
91,Erahanahalli B.O,638461
92,Erangattur B.O,638505
93,Erasinampalayam B.O,638106
94,Erode Collectorate S.O,638011
95,Erode East S.O,638001
96,Erode Fort S.O,638001
97,Erode H.O,638001
98,Erode Market S.O,638001
99,Erode North S.O,638001
100,Erode Railway Colony S.O,638002
101,Erode South S.O,638001
102,Ganapathipalayam B.O,641605
103,Ganapathipalayam S.O,638153
104,Gangapuram B.O,638102
105,Germalam B.O,638401
106,Gethalrev B.O,638657
107,Gettavadi B.O,638461
108,Getticheyur S.O,638110
109,Gettisamudram B.O,638501
110,Gettisamudram Colony B.O,638501
111,Gnanipalayam B.O,638112
112,Gobichettipalayam East S.O,638452
113,Gobichettipalayam H.O,638452
114,Gobichettipalayam South S.O,638476
115,Govindapuram B.O,638657
116,Greynagar B.O,638056
117,Gudakkarai B.O,638454
118,Gumtapuram B.O,638461
119,Guruvareddiyur S.O,638504
120,Guthialathur B.O,638503
121,Hanumanthapuram B.O,638656
122,Hassanur B.O,638401
123,Ichipalayam B.O,638151
124,Ikkarainegamam B.O,638401
125,Ikkaraithathapalli B.O,638451
126,Ingur B.O,638052
127,Injampalli B.O,638104
128,Irugalur B.O,638462
129,Irumborai B.O,638459
130,Jambai S.O,638312
131,Kadappanalur B.O,638311
132,Kadathur (Gobi) B.O,638454
133,Kadayampatti B.O,638312
134,Kadayur B.O,638701
135,Kadirampatti B.O,638107
136,Kadukkampalayam B.O,638476
137,Kagam B.O,638109
138,Kaikolapalayam B.O,638056
139,Kalbhavi B.O,638314
140,Kaliappampalayam B.O,638110
141,Kalichettipalayam. Mettupalayam B.O,638455
142,Kalingarayanpalayam Pudur B.O,638301
143,Kalingiam B.O,638453
144,Kalipalayam B.O,638661
145,Kalkadambur B.O,638503
146,Kallipatti S.O,638505
147,Kallivalasu B.O,638657
148,Kambiliampatti B.O,638706
149,Kambiliyampatti B.O,638056
150,Kanagapuram B.O,638112
151,Kanakkampalayam B.O,638505
152,Kandappagoundenvalasu B.O,638051
153,Kandasamipalayam B.O,638109
154,Kandikattuvalasu B.O,638115
155,Kangayam East B.O,638701
156,Kangayam North S.O,638701
157,Kangayam S.O,638701
158,Kanjikovil S.O,638116
159,Kannadipalayam B.O,638314
160,Kannivadi B.O,639202
161,Kanuvakarai B.O,638459
162,Karaipudur B.O,641605
163,Karaiyur B.O,638661
164,Karalayam B.O,638503
165,Karapadi B.O,638459
166,Karattadipalayam S.O,638453
167,Karattupalayam B.O,638111
168,Karattupalayam B.O,638457
169,Karukkampalayam B.O,638109
170,Karumandisellipalayam B.O,638052
171,Karungalpalayam S.O,638003
172,Karuppanvalasu B.O,638111
173,Kasbapettai B.O,638115
174,Kasipalayam B.O,638009
175,Kasipalayam S.O (Erode),638454
176,Kasthurbagarm B.O,638101
177,Kasthuripalayam B.O,638751
178,Kavilipalayam B.O,638402
179,Kavindapadi S.O,638455
180,Kavundichipalayam B.O,638112
181,Kavuthampalayam B.O,638103
182,Keeranur B.O,638701
183,Kembanaickenpalayam B.O,638503
184,Kesarimangalam B.O,638311
185,Kidarai B.O,638458
186,Kilankundal B.O,638106
187,Kilwani B.O,638502
188,Kodiveri B.O,638503
189,Kodumudi S.O,638151
190,Koduvoi S.O,638660
191,Kokkampalayam B.O,638702
192,Kolanalli B.O,638154
193,Kolappalur S.O (Erode),638456
194,Kolathupalayam B.O,638152
195,Kolathupalayam S.O,638661
196,Kolinjivadi S.O,638673
197,Kollampalayam B.O,638002
198,Komarapalayam B.O,638108
199,Komarapalayam B.O,638106
200,Komarapalayam-sathy B.O,638401
201,Komarayanur B.O,638504
202,Komarayeevalasu B.O,638104
203,Konamoolai B.O,638402
204,Kondapanaickenpalayam B.O,638503
205,Kondayampalayam(Bhavani) B.O,638505
206,Koneripatti B.O,638673
207,Kongarpalayam B.O,638506
208,Koothampalayam B.O,638751
209,Koothampatti B.O,638101
210,Koothampoondi B.O,638315
211,Kosavampalayam B.O,638701
212,Koshanam B.O,638458
213,Kothamangalam B.O,638451
214,Kottaimulanur B.O,638106
215,Kottupullampalayam B.O,638453
216,Kottuveerampalayam B.O,638401
217,Kovilpalayam B.O,638116
218,Kugalur S.O,638313
219,Kullaipalayam B.O,638657
220,Kullampalayam B.O,638476
221,Kummakalipalayam B.O,638457
222,Kundadam S.O,638702
223,Kungarupalayam B.O,638703
224,Kunnathur S.O (Erode),638103
225,Kuppandampalayam B.O,638502
226,Kurichi B.O,638314
227,Kurichi-kunnathur B.O,638110
228,Kurukkapalayam B.O,638660
229,Kurumandur S.O,638457
230,Kurupanaickenpalayam B.O,638301
231,Kuthambi B.O,638055
232,Kuttapalayam B.O,638108
233,Kuttipalayam B.O,638312
234,L.M.Palapalayam B.O,638455
235,Lakkamanaickenpatti B.O,638111
236,Lakkapuram B.O,638002
237,Madampalayam B.O,638459
238,Malamedu B.O,639201
239,Malayampalayam B.O,638154
240,Mallanguli B.O,638461
241,Mambadi B.O,638106
242,Manakadavu B.O,638673
243,Mangalapatti B.O,638105
244,Mannathampalayam B.O,638153
245,Maravapalayam B.O,638051
246,Marudurai B.O,638108
247,Mathur B.O,638314
248,Melapalayam S.O (Erode),638051
249,Mettupalayam B.O,638111
250,Mettupalayam B.O,638315
251,Mettuvalasu B.O,638661
252,Mevani B.O,638313
253,Michaelpalayam B.O,638501
254,Minnapalayam B.O,638109
255,Modakurichi S.O,638104
256,Morattupalayam B.O,638752
257,Mudalipalayam B.O,638703
258,Mudianerichal B.O,638701
259,Muduthurai B.O,638459
260,Mukasi Hanumanpalli B.O,638101
261,Mukasipidariyur B.O,638051
262,Mukasipudur B.O,638314
263,Mulanur S.O,638106
264,Mulapalayam B.O,638002
265,Mulayampoondi B.O,638111
266,Mullampatti B.O,638107
267,Mullipuram B.O,638108
268,Murali B.O,638504
269,Murungatholuvu B.O,638051
270,Muthayeepalayam B.O,638153
271,Muthugoundenpalayam B.O,638702
272,Muthur S.O,638105
273,Mylambadi B.O,638314
274,Mylrangam B.O,638111
275,Nadupatti B.O,638056
276,Nagadevampalayam B.O,638476
277,Nagalingapuram B.O,638660
278,Nagalur B.O,638502
279,Nagamanaickenpatti B.O,638111
280,Nallampalayam B.O,638661
281,Nallampatti B.O,638057
282,Nallimadam B.O,638706
283,Nallur B.O,638459
284,Nambiyur S.O,638458
285,Nandavanampalayam B.O,638702
286,Nanjagoundenpalayam B.O,638476
287,Nanjai Puliampatti B.O,638506
288,Nanjai Uttukuli B.O,638104
289,Nanjaithalaiyur B.O,639202
290,Nanjiampalayam B.O,638657
291,Nanjundapuram B.O,638657
292,Nasiyanur S.O,638107
293,Nathachennigoundenvalasu B.O,638106
294,Nathagoundenpalayam B.O,638115
295,Nathakadaiyur S.O,638108
296,Nathakattuvalasu B.O,638701
297,Nathapalayam B.O,638106
298,Neithalapuram B.O,638461
299,Nelali B.O,638660
300,Nerinjipettai B.O,638311
301,Nichampalayam B.O,638055
302,Nochikuttai B.O,638459
303,Nochipalayam B.O,638706
304,Odathurai B.O,638455
305,Odayagoundenpalayam B.O,638454
306,Olagadam S.O,638314
307,Olalakoil B.O,638460
308,Olapalayam B.O,638701
309,Olapalayam B.O,638052
310,Orathupalyaam B.O,638106
311,Oricheri B.O,638315
312,Pachampalayam B.O,638314
313,Padiyur B.O,638701
314,Palakarai B.O,638057
315,Palakuttaipattipudur B.O,638504
316,Palayakottai B.O,638108
317,Pallagoundenpalayam B.O,638056
318,Pallapalayam B.O,638116
319,Palliyuthu B.O,638101
320,Panakkahalli B.O,638461
321,Panayampalli B.O,638459
322,Pandiampalayam B.O,638455
323,Pappampalayam B.O,638055
324,Pappinipachapalayam B.O,638701
325,Paranjervali B.O,638701
326,Pariyur Vellalapalayam B.O,638476
327,Paruvachi B.O,638312
328,Pasur S.O,638154
329,Patlur B.O,638314
330,Pattakaranpalayam B.O,638057
331,Pattimaniakaranpalayam B.O,638462
332,Pattuthurai B.O,638106
333,Peramium B.O,638661
334,Peria Agraharam S.O,638005
335,Peria Semur B.O,638004
336,Periapuliyur B.O,638455
337,Periavattam B.O,638151
338,Periaveerasangli B.O,638056
339,Periyavettuvapalayam B.O,638052
340,Periyur B.O,638402
341,Perode B.O,638102
342,Perumugaipudur B.O,638505
343,Perundalaiyur B.O,638315
344,Perundurai R.S. B.O,638052
345,Perundurai S.O,638052
346,Perundurai Sanitorium S.O,638053
347,Perundurai West S.O,638052
348,Pethampalayam B.O,638116
349,Pethikuttai B.O,638459
350,Pichakalpatti B.O,638106
351,Pichandampalayam B.O,638052
352,Polavakalipalayam B.O,638476
353,Polavapalayam B.O,638458
354,Pondilingapuram B.O,638151
355,Pongalur-avanashi B.O,638459
356,Ponmudi B.O,638056
357,Ponnapuram B.O,638657
358,Ponnivadi B.O,638673
359,Pothampalayam B.O,638460
360,Pothiapalayam B.O,638701
361,Pottikkampalayam B.O,642206
362,Pudukkaraipudur B.O,638313
363,Pudupalayam S.O (Erode),638476
364,Pudupeerkadavu` B.O,638451
365,Puduppai B.O,638111
366,Pudur B.O,638002
367,Puduvadavalli B.O,638401
368,Puliampatti B.O,638106
369,Pulipar B.O,638460
370,Pullappanaickenpalayam B.O,638506
371,Pundurai Semur B.O,638115
372,Pungambadi B.O,638112
373,Punganthurai B.O,638706
374,Punjai Puliampatti S.O,638459
375,Punjaipalatholuvu B.O,638751
376,Punjaithamaraikulam B.O,638460
377,Punjaithuraiyampalayam B.O,638506
378,Punnam B.O,638312
379,Purappalikattuvalasu B.O,638104
380,Rajannagar B.O,638451
381,Rakkiavalasu B.O,638106
382,Ramalingapuram B.O,638051
383,Ramalingapuram South B.O,638051
384,Ramanathapuram Pudur B.O,638005
385,Rangampalayam B.O,638009
386,Rangasamudram S.O,638402
387,Rasampalayam B.O,638151
388,Reddipalayam B.O,638504
389,Rettalavalasu B.O,638661
390,Rudravathi B.O,638702
391,Sadayapalayam B.O,638702
392,Sakthinagar S.O,638315
393,Salaipudur B.O,638151
394,Salangapalayam B.O,638455
395,Sanarpalayam B.O,638051
396,Sankarandampalayam S.O,638706
397,Sankarapalayam B.O,638501
398,Sanyasipatti B.O,638311
399,Sarkarperiapalayam B.O,641607
400,Satamugai B.O,638503
401,Sathy Bazaar S.O,638401
402,Sathyamangalam S.O,638401
403,Savakattupalayam S.O,638460
404,Savandapur B.O,638502
405,Seenapuram B.O,638057
406,Selampalayam B.O,638672
407,Sellappampalayam B.O,638459
408,Sembadapalayam B.O,638314
409,Sembulichampalayam B.O,638501
410,Semmangarai B.O,638106
411,Senapathichettipalayam B.O,638752
412,Senapathipalayam B.O,638111
413,Sengattupalayam B.O,642206
414,Sengodampalayam B.O,638703
415,Shenbagapudur B.O,638402
416,Singampettai B.O,638311
417,Singanallur KVP B.O,638455
418,Sinniampalayam B.O,638104
419,Sinthagoundenpalayam B.O,638315
420,Sircarkathankanni B.O,638752
421,Sirukalanji B.O,638751
422,Sirukinar B.O,638706
423,Siruvalur S.O,638054
424,Sivagiri S.O (Erode),638109
425,Sivanmalai B.O,638701
426,Sokkumaripalayam B.O,638110
427,Solipalayam B.O,638115
428,Soosaipuram B.O,638461
429,SPB Colony S.O,638010
430,Sullipalayam B.O,638057
431,Sundakkampalayam B.O,638103
432,Surampatti S.O,638009
433,Surianallur B.O,638702
434,Suriappampalayam B.O,638458
435,Swaminathapuram B.O,638104
436,T.Mettupalayam B.O,638112
437,Talamalai B.O,638461
438,Talavadi S.O,638461
439,Talguni B.O,638456
440,Tegnarai B.O,638461
441,Thamaraikarai B.O,638501
442,Thamaraipalayam B.O,638152
443,Thandampalayam B.O,638109
444,Thaneerpandalpalayam B.O,638116
445,Thattampalayam B.O,638109
446,Thavittupalayam B.O,638501
447,Thayamapalayam B.O,638703
448,Theethampalayam B.O,638111
449,Theethampalayam B.O,638456
450,Thengumarahada B.O,638451
451,Therpatti B.O,638673
452,Thindal S.O,638012
453,Thingalur B.O,638401
454,Thippampalayam B.O,638751
455,Thoppampalayam B.O,638451
456,Thoppampatti B.O,638657
457,Thoppupalayam B.O,638051
458,Thoppupalayam S.O,638052
459,Thoranavavi B.O,638110
460,Thottiapalayam B.O,638661
461,Thottipalayam B.O,638312
462,Thuckanaickenpalayam S.O,638506
463,Thurambadi B.O,638106
464,Thuyyampundurai B.O,638115
465,Tingalur S.O,638055
466,Tudupathi S.O,638057
467,Udhiyur S.O,638703
468,Ugayanur B.O,641605
469,Umareddiyur B.O,638311
470,Undarapatti B.O,638673
471,Unjalur S.O,638152
472,Uppupalayam B.O,638111
473,Uthandiyur B.O,638402
474,Uttukuli Rs S.O,638752
475,Uttukuli S.O,638751
476,Vadakkupudupalayam B.O,638152
477,Vadakuthaiyurpalayam B.O,638102
478,Vadamugam Vellodu S.O,638112
479,Vadugapatti B.O,638106
480,Vadugapatti B.O,638101
481,Vairamangalam B.O,638312
482,Vairapalayam B.O,638003
483,Valipalayam B.O,638402
484,Vallipurathanpalayam B.O,638112
485,Varadampalayam B.O,638401
486,Varadhanallur B.O,638311
487,Varapalayam B.O,638462
488,Varnapuram B.O,638301
489,Vasavi College S.O,638316
490,Vazhaithottam B.O,638109
491,Veeracholapuram B.O,638701
492,Veerajimangalam B.O,638673
493,Veeranampalayam B.O,638701
494,Veerappampalayam B.O,638101
495,Veerappanchatram S.O,638004
496,Velampalayam B.O,638104
497,Velampalayam(Kunnathur) B.O,638103
498,Velampundi B.O,639201
499,Velankattuvalasu B.O,638115
500,Velappanaickenvalasu B.O,638111
501,Vellakoil Bazaar S.O,638111
502,Vellakoil S.O,638111
503,Vellalapalayam B.O,638315
504,Vellankoil B.O,638054
505,Vellaraveli B.O,638103
506,Vellavavipudur B.O,638661
507,Vellierichal B.O,638105
508,Vellitirupur B.O,638314
509,Vellottamparappu B.O,638154
510,Vemandampalayam S.O,638462
511,Vengampur B.O,638152
512,Vengipalayam B.O,638703
513,Vettayankinar B.O,638055
514,Vijayamangalam S.O,638056
515,Vilakethi B.O,638109
516,Vilarasampatti B.O,638107
517,Vinnapalli B.O,638402
518,Virumandampalayam B.O,638812
519,Voipodi B.O,638056
