SNO,Post Office,Pincode
1,Acharapakk R.S. B.O,603301
2,Acharapakkam S.O,603301
3,Adambakkam S.O,600088
4,Alagesa Nagar S.O,603001
5,Alandur(Reopened W.E.F.6.6.05) S.O,600016
6,Alapakkam B.O,600116
7,Alisoor B.O,603402
8,Ammanambakkam B.O,603109
9,Ammanambakkam B.O,603002
10,Anaicut B.O,603312
11,Anakaputhur S.O,600070
12,Anambakkam B.O,603107
13,Ananthamangalam B.O,603307
14,Andarkuppam B.O,603401
15,Anjur B.O,603204
16,Annai Anjugam Nagar S.O,603211
17,Anupuram S.O,603127
18,Anur B.O,603405
19,Appur B.O,603204
20,Arasanimangalam B.O,603402
21,Arpakkam B.O,631603
22,Arumpuliyur B.O,603106
23,Arungunam B.O,603306
24,Asoor B.O,631605
25,Athivakkam B.O,601102
26,Athur-chengalpattu S.O,603101
27,Attuputhur B.O,631561
28,Avalur B.O,631605
29,Ayakunnam Kolathur B.O,603310
30,Ayapakkam B.O,603102
31,Ayyampettai S.O,631601
32,Ayyankarkulam B.O,631502
33,Balchettychatram S.O,631551
34,Bharathinagar B.O,600117
35,Bharathipuram S.O (Kanchipuram),600044
36,Big Kanchipuram S.O,631502
37,Budur B.O,603308
38,Bukkathurai B.O,603308
39,Chellampattidai B.O,631553
40,Chengalpattu Bazaar S.O,603002
41,Chengalpattu Cutcherry S.O,603001
42,Chengalpattu H.O,603001
43,Chengalpattu Med.College S.O,603001
44,Chengattur B.O,603302
45,Chennai Airport S.O,600016
46,Chettipunniyam B.O,603204
47,Cheyur S.O (Kanchipuram),603302
48,Cheyyur North B.O,603302
49,Chithamur S.O,603313
50,Chithanakkavur B.O,603107
51,Chitlapakkam S.O,600064
52,Christian College Tambaram S.O,600059
53,Chromepet S.O,600044
54,Chunampet S.O,603401
55,Damal B.O,631551
56,Darkash B.O,600044
57,Desumugipettai B.O,603109
58,Echoor B.O,631604
59,Edaiyur B.O,603109
60,Edayampudur B.O,603107
61,Edayarpakkam S.O,631553
62,Ekanampet B.O,631601
63,Ekanapuram B.O,631553
64,Elaganar B.O,603402
65,Elapakkam S.O,603201
66,Elutchur B.O,603204
67,Enathur S.O,631561
68,Ganapathipuram(CMT) S.O,600044
69,Gerugambakkam B.O,600122
70,Govindavadi B.O,631502
71,Gowriwakkam S.O,600073
72,Guduvanchery S.O,603202
73,Gunduperumbedu B.O,602105
74,Gundur-chengalpattu S.O,603002
75,Hanumanthandalam B.O,603402
76,Hanumanthapuram B.O,603108
77,Hasthinapuram S.O,600064
78,Illalur B.O,603110
79,Indalur B.O,603301
80,Injambakkam S.O,600115
81,Iranya Sidhi B.O,603312
82,Irumbedu B.O,603302
83,Irumbuli B.O,603301
84,Irumbulichery B.O,603109
85,Irumbuliyur B.O,600045
86,Irungattukottai S.O,602117
87,Isur B.O,603308
88,Isur B.O,603310
89,Iyyappanthangal S.O,600056
90,Janakipuram B.O,603303
91,K.Nelvoy B.O,603312
92,Kadalur B.O,603305
93,Kadambadil B.O,603104
94,Kadaperi B.O,600047
95,Kadukkalur B.O,603401
96,Kaliyampoondi S.O,603402
97,Kalkulam B.O,603312
98,Kallapiranpuram B.O,603308
99,Kalpakkam S.O,603102
100,Kalvoy B.O,603108
101,Kammalampoondi B.O,603406
102,Kammavarpalayam B.O,631502
103,Kanchipuram Collectorate S.O,631501
104,Kanchipuram Cutchery S.O,631501
105,Kanchipuram H.O,631501
106,Kandoor B.O,602108
107,Kannivakkam B.O,603202
108,Kannur B.O,602108
109,Kappankottur B.O,631553
110,Karai B.O,631552
111,Karaipettai S.O,631552
112,Karanaipuduchery B.O,603202
113,Karapakkam S.O,600097
114,Karasangal B.O,603310
115,Karumbakkam B.O,603108
116,Karunguli S.O,603303
117,Karunillam B.O,603204
118,Kasthuribainagar B.O,600059
119,Kathrichery B.O,603303
120,Kattankolathur S.O,603203
121,Kattiampandal B.O,603314
122,Kattu Karanaai B.O,603201
123,Kattudevadur B.O,603313
124,Kattugudalur B.O,603301
125,Kavanthandalam B.O,631603
126,Kavanur B.O,603203
127,Kavanur Pudhucheri B.O,603406
128,Kayapakkam B.O,603301
129,Kayar B.O,603110
130,Kayarambedu B.O,603202
131,Keelakattalai S.O,600117
132,Keelavalam B.O,603303
133,Kelambakkam S.O,603103
134,Kilacheri B.O,631402
135,Kilakadi B.O,603107
136,Kilakattalai B.O,600117
137,Kilakattur B.O,631502
138,Kiliyanagar B.O,603406
139,Kinar B.O,603303
140,Kinar Kandigai Pudur B.O,603303
141,Koduvoor B.O,603305
142,Kokilamedu B.O,603104
143,Kolapakkam B.O,600048
144,Kolathur B.O,603304
145,Kolathur B.O,600048
146,Koothavakkam B.O,603104
147,Kothakuppam B.O,631202
148,Kottaikadu B.O,603304
149,Kottamedu B.O,603108
150,Kovalam S.O (Kanchipuram),603112
151,Kovilambakkam B.O,600117
152,Kovur B.O,600122
153,Krishnapuram B.O,631551
154,Kudapakkam S.O,603304
155,Kunnam B.O,631604
156,Kunnathur S.O (Kanchipuram),600069
157,Kunnavakkam B.O,603002
158,Kunnavakkam B.O,603107
159,Kuram B.O,631502
160,Kuvam B.O,631402
161,Kuvathur S.O,603305
162,Kuzhipanthandalam B.O,603105
163,L.Endathur B.O,603406
164,Lakshmipuram B.O,600044
165,Lathur B.O,603312
166,Lic Colony Tambaram S.O,600059
167,Little Kanchipuram S.O,631501
168,Madambakkam B.O,603202
169,Madambakkam S.O,600126
170,Madayathur B.O,603108
171,Madhur B.O,603201
172,Madhur B.O,631606
173,Madipakkam S.O,600091
174,Madipakkam South S.O,600091
175,Maduramangalam B.O,602108
176,Madurantakam S.O,603306
177,Magaral S.O,631603
178,Mahindra World City S.O (Kanchipuram),603002
179,Malaipattu B.O,601301
180,Malaivaiyavur B.O,603308
181,Malapalayam B.O,603303
182,Malayalipettai B.O,603303
183,Malayankulam B.O,631603
184,Malliyankaranai B.O,603406
185,Mamallapuram S.O,603104
186,Mamandur B.O,603111
187,Mambakkam B.O,602106
188,Mambakkam B.O,600048
189,Manamai B.O,603102
190,Manambathi S.O,603105
191,Manampathi S.O,603403
192,Manampathikandigai B.O,603403
193,Manapakkam B.O,600125
194,Manapakkam B.O,603111
195,Mangadu S.O,600122
196,Manimangalam B.O,601301
197,Mannivakkam B.O,600048
198,Mappedu B.O,600126
199,Mappedu B.O,631402
200,Maraimalai Nagar S.O,603209
201,Maruthuvambadi B.O,603406
202,Mathur B.O,602105
203,Medavakkam S.O,600100
204,Meenambakkam S.O,600027
205,Melaiyur B.O,603108
206,Melakkottaiyur S.O,600127
207,Melavalam B.O,603303
208,Meleripakkam B.O,603002
209,Melkadirpur B.O,631502
210,Melmaduramangalam B.O,631553
211,Melmaruvathur S.O,603319
212,Melprumal Chery B.O,603102
213,Melrosapuram B.O,603204
214,MEPZ Tambaram S.O,600045
215,Meyyur B.O,603111
216,Minnal Sithamur B.O,603307
217,Morapakkam B.O,603306
218,Mudichur S.O,600048
219,Mugaiyur B.O,603305
220,Mugalivakkam S.O,600125
221,Mugundagiri B.O,603309
222,Mullikolathur B.O,603109
223,Mullipakkam B.O,603105
224,Murugampakkam B.O,603306
225,Musaravakkam B.O,631551
226,Muthavedu B.O,631551
227,Muthialpet B.O,631601
228,Muttukadu B.O,603112
229,Nagalkeni S.O,600044
230,Naickenpet B.O,631601
231,Nainarkuppam B.O,603302
232,Nallambakkam B.O,600048
233,Nandambakkam B.O,600069
234,Nandambakkam Kudiyiruppu S.O,600089
235,Nanganallur Bazaar S.O,600061
236,Nanganallur S.O,600061
237,Narasingapuram B.O,631402
238,Natham-chengalpattu S.O,603002
239,Nathanallur B.O,631605
240,Navalur B.O,603103
241,Nedumaram B.O,603305
242,Neelankarai B.O,600041
243,Neerpair B.O,603313
244,Nehrunagar B.O,600044
245,Nellikuppam B.O,603108
246,Nelvoy B.O,603107
247,Nemilichery B.O,600044
248,Nenmeli B.O,603002
249,Nerkunam B.O,603310
250,Nerkunappattu B.O,603305
251,New Mambakkam B.O,603306
252,Neyyadupakkam B.O,631603
253,Nilamangai Nagar S.O,600088
254,Ninnakarai B.O,603203
255,Nirvalur B.O,631561
256,Nugumbal B.O,603313
257,Officer's Training Academy S.O,600016
258,Oggiampettai B.O,600096
259,Oggiamthoraipakkam S.O,600097
260,Olaiyur B.O,603107
261,Old Pallavaram S.O,600117
262,Old Perungalathur B.O,600063
263,Olimohamedpet B.O,631502
264,Olugarai B.O,631603
265,Onambakkam B.O,603313
266,Oragadam B.O,603109
267,Orakattupettai S.O,603106
268,Orathy S.O,603307
269,Orikkai B.O,631502
270,Otteri Extension B.O,600048
271,Ozhalur B.O,603111
272,Ozhavetti B.O,603311
273,Padalam S.O,603308
274,Padappai S.O,601301
275,Padiri B.O,603201
276,Padur B.O,603103
277,Padur B.O,631606
278,Paiyambadi B.O,603309
279,Pakkam B.O,603306
280,Palaiyur B.O,603302
281,Palavakkam S.O (Kanchipuram),600041
282,Palayanur B.O,603308
283,Palayaseevaram S.O,631606
284,Pallavaram S.O,600043
285,Palliagaram B.O,603107
286,Pallikaranai S.O,600100
287,Palur B.O,603312
288,Palur B.O,603101
289,Pammal East S.O,600075
290,Pammal S.O,600075
291,Panaiyur B.O,603302
292,Panangottur B.O,603209
293,Pandur B.O,603109
294,Pannur S.O (Kanchipuram),602108
295,Panruti B.O,631604
296,Parandur B.O,631552
297,Paraniputhur B.O,600122
298,Paranur B.O,603002
299,Parukkal B.O,603301
300,Pattaraikalani B.O,603102
301,Pattipulam B.O,603104
302,Pattunoolchatram S.O,602105
303,Pavunjur S.O,603312
304,Pazhamathur B.O,603111
305,Pazhavanthangal S.O,600114
306,Pennalur B.O,603402
307,Pennalur B.O,602105
308,Peria Irumbedu B.O,603105
309,Peria Venmeni B.O,603311
310,Perukkaranai B.O,603309
311,Perumanallur B.O,631502
312,Perumbakkam B.O,603306
313,Perumbakkam B.O,603302
314,Perumber Kandigai B.O,603310
315,Perunagar B.O,603403
316,Perungozhi B.O,603314
317,Perungudi S.O,600096
318,Perur B.O,603104
319,Pichivakkam B.O,631553
320,Pillaipakkam B.O,602105
321,Pillayarpalayam S.O,631501
322,Polambakkam S.O,603309
323,Polichalur S.O,600074
324,Pondur B.O,602105
325,Ponmar B.O,600048
326,Ponpathirkoodam B.O,603405
327,Ponvilainthakalathur S.O,603405
328,Poonjeri B.O,603104
329,Porpandal B.O,603107
330,Porur S.O,600116
331,Pudupakkam B.O,603103
332,Pudupattinam B.O,603102
333,Pudupattinam Colony S.O,603102
334,Pudupattu B.O,603303
335,Puliambakkam B.O,631605
336,Pulipakkam B.O,603002
337,Pulithivakkam B.O,603314
338,Puliyur B.O,603109
339,Pullalur B.O,631553
340,Purisai B.O,631553
341,Puthali B.O,631603
342,Puthirankottai B.O,603401
343,R.N.Kandigai B.O,603403
344,Radhanagar S.O (Kanchipuram),600044
345,Rajajinagar S.O (Kanchipuram),600043
346,Rajakilpakkam B.O,600073
347,Rajakulam B.O,631561
348,Ramapuram B.O,603201
349,Ramapuram S.O (Kanchipuram),600089
350,Reddipalayam B.O,603101
351,RRC B.O,603102
352,Salavakkam S.O,603107
353,Salur B.O,603405
354,Sankaramutt S.O,631502
355,Sathanjeri B.O,603106
356,Sathyabama University S.O,600119
357,Seekanankuppam B.O,603305
358,Seethananjeri B.O,603106
359,Seethapuram B.O,603301
360,Seevadi B.O,603312
361,Selaiyur S.O,600073
362,Sembakkam S.O,603108
363,Sembulipuram B.O,603304
364,Sendamangalam B.O,602106
365,Sendivakkam B.O,603319
366,Senguntharpettai S.O,603306
367,Senneri B.O,603108
368,Serkadu B.O,631605
369,Serpananchery B.O,601301
370,Sevilimedu B.O,631502
371,Sholinganallur S.O,600119
372,Singadivakkam B.O,631561
373,Singaperumalkoil S.O,603204
374,Sinnivakkam B.O,631604
375,Sirudamur B.O,603307
376,Sirudavur B.O,603105
377,Sirukalathur B.O,600069
378,Sirukaveripakkam B.O,631502
379,Sirumailur B.O,603310
380,Sirunagalur B.O,603319
381,Sirunagar B.O,603310
382,Sirungoli B.O,603406
383,Sirunkundram B.O,603108
384,Siruvakkam B.O,631552
385,Siruvallur B.O,631552
386,Sithalapakkam B.O,600126
387,Sogandi B.O,603405
388,Somangalam S.O,602109
389,South Malayambakkam B.O,600069
390,Srinivasanagar East B.O,600063
391,Srinivasanagar S.O (Kanchipuram),600063
392,Sriperumbudur S.O,602105
393,Sriramachandra Deemed Uty S.O,600116
394,St.Thomas Mount H.O,600016
395,State Bank Colony B.O,600059
396,Sundaram Colony B.O,600059
397,Sunguvarchatram S.O,602106
398,Suradimangalam B.O,603102
399,Tambaram East S.O,600059
400,Tambaram H.O,600045
401,Tambaram IAF S.O,600046
402,Tambaram Sanatorium S.O,600047
403,Tambaram West S.O,600045
404,Thaiyur B.O,603103
405,Thammanur B.O,631605
406,Thandalam B.O,600122
407,Thandalam B.O,602105
408,Thandarai B.O,603403
409,Thatchur B.O,603306
410,Thathalur B.O,603109
411,Thenambakkam B.O,631601
412,Thenneri S.O,631604
413,Thimamsamudram B.O,631502
414,Thimmarajampettai B.O,631601
415,Thimmavaram B.O,603101
416,Thirumukkudal B.O,631606
417,Thiruvidanthai B.O,603112
418,Thoopul S.O,631501
419,Thozhupedu S.O,603310
420,Tirukachinambi Street S.O,631501
421,Tirukalikundram Bazaar S.O,603109
422,Tirukalikundram S.O,603109
423,Tirukatchur B.O,603204
424,Tirumani B.O,603111
425,Tirumudivakkam B.O,600044
426,Tiruneermalai B.O,600044
427,Tirupandiyur B.O,602108
428,Tiruporur S.O,603110
429,Tirupulivanam B.O,603406
430,Tirusulam S.O,600043
431,Tiruvadisoolam B.O,603108
432,Tiruvadur B.O,603312
433,Tiruvanaikoil B.O,603106
434,Tiruvandavar B.O,603308
435,Tittalam B.O,603406
436,Ullavur B.O,631606
437,Unamalai B.O,603306
438,Urapakkam S.O,603210
439,Uttiramerur S.O,603406
440,Uttukadu B.O,631605
441,Vadakadambadi B.O,603104
442,Vadakkupattu B.O,603204
443,Vadamanipakkam B.O,603307
444,Vadanallur B.O,603406
445,Vaiyavur B.O,631561
446,Valarpuram B.O,602105
447,Valathodu B.O,603107
448,Valathur B.O,631553
449,Vallam B.O,603002
450,Vallipuram B.O,603405
451,Vandalur S.O,600048
452,Vannianallur B.O,603401
453,Vanniarpettai B.O,603306
454,Varanavasi B.O,631604
455,Vayalakkavur B.O,631603
456,Vayalur B.O,602105
457,Vayalur B.O,603102
458,Vazhuvadur B.O,603102
459,Vedal B.O,603304
460,Vedal B.O,631561
461,Vedanthangal S.O,603314
462,Vedavakkam B.O,603303
463,Veeranakunnam B.O,603306
464,Veerapuram B.O,603109
465,Veliyur B.O,631502
466,Vellaputhur B.O,603314
467,Velur B.O,603401
468,Venbedu B.O,603110
469,Vengapakkam B.O,603102
470,Venkatapuram B.O,603204
471,Venpakkam S.O,603111
472,Vepancheri B.O,603305
473,Vilambur B.O,603304
474,Vilanganur B.O,603313
475,Villiambakkam B.O,603101
476,Vitchur B.O,603106
477,Vittilapuram B.O,603102
478,Walajabad S.O,631605
479,Zamin Budur B.O,603302
480,Zamin Endathur S.O,603311
481,Zamin Paiyanur B.O,603104
