SNO,Location,Pincode
1,Adaikkakuzhi,629153
2,Agasteeswaram,629701
3,Alagiamandapam,629167
4,Alampara,629170
5,Alanchi,629159
6,Alancholai,629101
7,Alancode,629802
8,Aloor,629801
9,Ammandivilai,629204
10,Anandanadarkudy,629201
11,Andirapuram,629851
12,Anducode,629168
13,Anjugramam,629401
14,Aralvaymoli,629301
15,Arukani,629101
16,Arumanai,629151
17,Arumanallur,629851
18,Aruvikkarai,629177
19,Asaripallam,629201
20,Asiramam,629704
21,Attur,629191
22,Azhakamparai,629252
23,Azhakappapuram,629401
24,Azhakiapandipuram,629851
25,Azhikkal,629202
26,Bethelpuram,629803
27,Bhoothapandy,629852
28,Catherin Booth hospital,629001
29,Chathancode,629153
30,Chemparuthivilai,629166
31,Chemponvilai,629804
32,Chenbagaramanputhur,629304
33,Chenkody,629177
34,Cherupallur,629161
35,Cheruvallur,629152
36,Chitharal,629151
37,Chittardam Colony,629161
38,Chunkankadai,629807
39,Colachel,629251
40,Colachel Port,629251
41,Derisanamcope,629851
42,Devakulam,629704
43,Eathamozhi,629501
44,Edalakudy,629051
45,Elavuvilai,629171
46,Enayam,629193
47,Enayamputhenthurai,629193
48,Erachakulam,629902
49,Eravipudurkadai,629158
50,Eraviputhur,629402
51,Erumbukadu,629004
52,Fathima Nagar,629160
53,Friday Market,629203
54,Ganapathipuram,629502
55,Gnaramvilai,629165
56,Idaikkode,629152
57,Ilanchirai,629152
58,Irenipuram,629197
59,Irulappapuram,629002
60,Isanthimangalam,629852
61,James Town,629504
62,Kadiyapattanam,629253
63,Kadukkarai,629855
64,Kaliakkavilai,629153
65,Kaliyal,629101
66,Kallankuzhi,629166
67,Kallukoottam,629808
68,Kalpadi,629204
69,Kandanvilai,629810
70,Kaniyakulam,629003
71,Kanjampuram,629154
72,Kanjikuzhi,629169
73,Kanjiracode,629155
74,Kannanore,629158
75,Kannattuvilai,629802
76,Kanniyakumari,629702
77,Kannumamoodu,629170
78,Kappiyarai,629156
79,Kappukadu,629162
80,Karankad,629809
81,Karinkal,629157
82,Karod,629151
83,Kattathurai,629158
84,Kattimancode,629806
85,Keeriparai,629854
86,Keezhkulam,629193
87,Keralapuram,629174
88,Kesavanputhenthurai,629501
89,Killiyoor,629187
90,Kirathur,629181
91,Kodayarkilthangal,629102
92,Kodimunai,629251
93,Kollangodu,629160
94,Konamkadu,629803
95,Kottar,629002
96,Kottaram,629703
97,Kovalam,629702
98,Kozhiporvilai,629167
99,Krishnancoil,629001
100,Kulapuram,629153
101,Kulasekharam,629161
102,Kulasekharapuram,629403
103,Kumaracoil,629180
104,Kumarapuram,629301
105,Kumarapuramthoppur,629402
106,Kurumpanai,629251
107,Kurunthencode,629805
108,Kuzhicode,629167
109,Kuzhithurai,629163
110,Kuzhithurai West,629163
111,Leepuram,629702
112,Lekshmipuram,629802
113,Madathattuvilai,629180
114,Madavalayam,629302
115,Madichel,629163
116,Mahadanapuram,629702
117,Malamary,629152
118,Malayadi,629153
119,Manakarai,629180
120,Manalikarai,629164
121,Manalodai,629161
122,Manavalakurichi,629252
123,Mancode,629152
124,Mangalakunnu,629178
125,Mangarai,629157
126,Mangavilai,629501
127,Maniankuzhi,629161
128,Manivilai,629170
129,Manjalumoodu,629151
130,Maramalai,629851
131,Maravankudiyiruppu,629002
132,Marthandam,629165
133,Marthandam Bridge,629165
134,Marthandam North,629165
135,Marthandamthurai,629160
136,Marungoor,629402
137,Maruthemparai,629101
138,Maruthencode,629163
139,Maruthurkurichi,629158
140,Mathiasnagar,629852
141,Mayiladi,629403
142,Meenachel,629153
143,Mekkamandapam,629166
144,Mekkode,629804
145,Melakrishnanputhur,629601
146,Melamanakudy,629602
147,Meppala,629152
148,Methukummal,629172
149,Mettukadai,629175
150,Mondaikad,629252
151,Monikettipottal,629501
152,Moovattumugham,629177
153,Mukkampala,629164
154,Mulachel,629175
155,Mulagumoodu,629167
156,Mulankuzhi,629162
157,Mullanginavilai,629157
158,Munchirai,629171
159,Muttom,629202
160,Nagercoil,629001
161,Nagercoil Bazaar,629001
162,Nagercoil Collectorate,629001
163,Nagercoil Industrial estate,629004
164,Nagercoil Town,629001
165,Nagercoil West,629001
166,Nallur,629704
167,Nallur-marthandam,629165
168,Nattalam,629195
169,Nesamony Nagar,629001
170,Netta,629101
171,Neyyoor,629802
172,Neyyoor West,629803
173,Nithiravilai,629154
174,North Soorankudy,629501
175,Oluganacheri,629001
176,Pacode,629168
177,Padanthalumoodu,629194
178,Padmanabhapuram Fort,629175
179,Painkulam,629188
180,Palapalam,629159
181,Palavilai,629160
182,Palkulam,629851
183,Pallam,629601
184,Palliyadi,629169
185,Palukal,629170
186,Parakkai,629601
187,Parvathipuram,629003
188,Pathukani,629101
189,Pazhavilai,629501
190,Pechchipparai,629161
191,Peruvilai,629003
192,Peyankuzhi,629809
193,Ponmanai,629161
194,Poothurai,629176
195,Potraiyadi,629703
196,Pottakulam,629401
197,Pottetty,629157
198,Pozhikkarai,629501
199,Pudukadai,629171
200,Puliyurkurichi,629175
201,Puthalam,629602
202,Puthenthurai,629501
203,Putheri,629001
204,Rajakkamangalam,629502
205,Rajakkamangalamthurai,629501
206,Ramanthurai,629193
207,Ramapuram,629303
208,Ramavarmanchirai,629152
209,Ratnapuram,629851
210,Ritapuram,629159
211,S.T.mankad,629172
212,Sahayanagar,629159
213,Santhaiyadi,629703
214,Santhapuram,629201
215,Saral Agasteeswaram,629203
216,Sasthankcoilvilai,629704
217,Sooriacode,629190
218,South Soorankudy,629501
219,Suchindrum,629704
220,Terur,629704
221,Thadikarankonam,629851
222,Thalakulam,629802
223,Thamaraikulam,629707
224,Thazhakudy,629901
225,Thengamputhur,629603
226,Thengapattanam,629173
227,Therku Thamaraikulam,629708
228,Theruvukadai,629157
229,Thickanamcode,629804
230,Thickurichy,629168
231,Thirupathisaram,629901
232,Thiruthuvapuram,629163
233,Thiruvarambu,629183
234,Thiruvithancode,629174
235,Tholayavattai,629157
236,Thovalai,629302
237,Thuckalay,629175
238,Thumbode,629161
239,Thuthur,629176
240,Tiruparappu,629161
241,Tiruvattar,629177
242,Tittivilai,629852
243,Udayamarthandam,629178
244,Unnamalakada,629179
245,Urambu,629160
246,Vadasery,629001
247,Vadiveeswaram,629001
248,Vallavilai,629160
249,Vaniyakudi,629251
250,Vanniyur,629163
251,Variyoor,629401
252,Vazhukkamparai,629704
253,Veeyannur,629177
254,Velimalai,629164
255,Vellachiparai,629152
256,Vellamadam,629305
257,Vembanur,629801
258,Vencode,629171
259,Vendalicode,629161
260,Verkilambi,629166
261,Vetturnimadam,629003
262,Villukuri,629180
263,Viricode,629165
264,Vivekanandapuram,629702
265,Vizhunthaiyambalam,629173
