SNO,Location,Pincode
1,A.Meenakshivalasu,639207
2,Adhanur,621311
3,Alamarathupatti,639207
4,Alathur (kulittalai),621313
5,Ammapatti,639203
6,Andankoil,639002
7,Appipalayam,639003
8,Aravakurichi,639201
9,Ariyur,639111
10,Athipalayam,639111
11,Athur,639002
12,Chellandipatti,639118
13,Chinnadharapuram,639202
14,Chinnakariyampatti,639201
15,Chinnamookkanankuppam,639118
16,Chinnampatti,621311
17,Chinnavangalampalayam,639206
18,Chinniyampalayam,639120
19,Chinthalavadi,639105
20,Chinthamanipatti,621301
21,D.Idayapatti,621311
22,Dalavapalayam,639113
23,East Thavittupalayam,639113
24,Elavanur,639002
25,Emur,639005
26,Gandhigramam,639004
27,Ganesapuram,639107
28,Gudalur,639206
29,Hiranyamangalam,639107
30,Innungur,639110
31,Inunganur,639205
32,Isanatham,639203
33,Jegadabi,639118
34,K.Pitchampatti,639118
35,K.Pudupatti,639105
36,Kadambankurichi,639113
37,Kadaparai,639006
38,Kadavur,621311
39,Kagtithapuram,639136
40,Kakkavadi,639003
41,Kalaiyapatti,621301
42,Kalladai,621313
43,Kallai,639110
44,Kanakkuvelampatti,639201
45,Kaniyalampatti,621301
46,Karudayampalayam,639111
47,Karunellivalasu,639206
48,Karuppapillaipudur,639205
49,Karuppathur,639105
50,Karuppur,639108
51,Karur,639001
52,Karur R.s.,639001
53,Karur West,639001
54,Karuveppanaikenpettai,639105
55,Karvazhi,638151
56,Kathalapatti,639005
57,Kattalai,639108
58,Kattampudur,639202
59,Kattumunnur,639111
60,Kavalkaranpatti,621313
61,Kazhugur,639120
62,Keelaveliyur,621313
63,Keeranur,639119
64,Kilasakkarakottai,621301
65,Kodanthur,639206
66,Koonampatti,639206
67,Kosur,621313
68,Kottapatti,639205
69,Kovakulam,639102
70,Kovilur,639207
71,Koyampalli,639114
72,Krishnarayapuram,639102
73,Kulittalai,639104
74,Kulittalai Bazaar,639104
75,Kulittalai Periyapalam,639104
76,Kunnagoundanpatti,639120
77,Kuppachipalayam,639116
78,Kuppachipatti,639120
79,Kuppam,639111
80,Kuppureddipatti,639105
81,Kurichi,639110
82,Kurikkaranvalasu,639205
83,Kurinikulathupatti,621301
84,L.N.samudram,639002
85,Lalapet,639105
86,Lingamanaickenpatti,639207
87,Mahadhanapuram,639106
88,Malaikovil,639206
89,Manathattai,639104
90,Manavadi,639005
91,Manavasi,639108
92,Manickapuram,639102
93,Manjanaickenpatti,621301
94,Manjapulipatti,621301
95,Manmangalam,639006
96,Marudur,639107
97,Mathagiri,621313
98,Mavathur,621311
99,Mayanur,639108
100,Melapalayam,639114
101,Mettumahadhanapuram,639105
102,Mettumarudur,639107
103,Minnampalli,639116
104,Modakkur,639207
105,Monjanur,639206
106,Mookanankurichi,639005
107,Moolapatti,639109
108,Moolimangalam,639136
109,Mudiganam,639002
110,Munayanur,639102
111,Munnur,639111
112,Mushtakinathupatti,639118
113,Muthanampalayam,639206
114,Muthurengampatti,621301
115,Mylampatti,621301
116,Nachalur,639110
117,Nadanthai North,639111
118,Nadayanur,639117
119,Nagampalli,639109
120,Naganur,621313
121,Nallur,639110
122,Nambagoundanur,639201
123,Nanjaikalakurichi,639002
124,Nanjaipugalur,639113
125,Nanniyur,639113
126,Nedungur,639111
127,Neidalur,639110
128,Neidalur South,639110
129,Nerur,639004
130,Noyyal,639117
131,P.Udayapatti,621301
132,Padiripatti,621313
133,Paganatham,639005
134,Palaiyur,639004
135,Palaviduthi,621311
136,Palayajeyankondam,639102
137,Pallamarudapatti,639002
138,Pallapalayam,639002
139,Pallapatti,639205
140,Pallapatti Bazaar,639207
141,Panickampatti,639107
142,Panjamadevi,639004
143,Panjapatti,639119
144,Pappakkapatti,639119
145,Pappanaickenpatti,639205
146,Parali,639107
147,Paramathi (karur),639111
148,Pasupathipalayam,639004
149,Pavithram,639002
150,Perityamanjuveli,639207
151,Periyamathiagudalur,639202
152,Periyathirumangalam,639202
153,Pethachinagar,639203
154,Pondilingapuram,638151
155,Ponnagoundanur,639207
156,Poolampalayam,639002
157,Porani,639118
158,Porundalur,621313
159,Potharavuthanpatti,639119
160,Poyyamani,639110
161,Pugalur Sugar factory,639113
162,Puliyur,639114
163,Puliyur Cement factory,639114
164,Punavasipatti,639105
165,Pungambadi,639201
166,Punjaikalakurichi,639002
167,Punjaipugalur,639113
168,Punjaithottakurichi,639113
169,Punnam,639136
170,Punnamchatram,639136
171,Puthur,621313
172,Rachandarthirumalai,621313
173,Rajapuram,639201
174,Rakkampatti,639120
175,Ramakrishnapuram,639001
176,Rengachipatti,639110
177,Rengamalaipudupatti,639205
178,Renganathampettai,639004
179,Renganathapuram,639108
180,Rengapalayam,639202
181,S.Vellalapatti,639004
182,Sandapadi,639207
183,Sathiyamangalam,639120
184,Savarimedu,639110
185,Sellivalasu,639205
186,Semangi,639117
187,Sembianatham,621311
188,Senapiratti,639004
189,Sendamangalam,639205
190,Sengal,639102
191,Sengunthapuram,639002
192,Servaikaranpatti,621315
193,Sevapur,621311
194,Singampatti,621311
195,Sivayam,639120
196,Somur,639114
197,Sukkaliyur,639003
198,Tennilai,639206
199,Thalapatti,639003
200,Thaliyampatti,639120
201,Thannirpalli,639107
202,Thanthonimalai,639005
203,Tharagampatti,621311
204,Thogaimalai,621313
205,Thokkupattipudur,639202
206,Thondamanginam,621313
207,Thoranakkalpatti,639003
208,Thumbivadi,639002
209,Timmachipuram,639105
210,Tirukkampuliyur,639102
211,Tirumanilaiyur,639003
212,Uppidamangalam,639114
213,Uttupatti,639202
214,Vadaseri,621313
215,Vadiyam,639105
216,Vaiganallur,639120
217,Vaiyapurinagar,639001
218,Valayalkaranpudur,639108
219,Vangal,639116
220,Vangal East,639116
221,Varavanai,621301
222,Varikkapatti,639109
223,Vayalur,639119
224,Vedichipalayam,639114
225,Veeranampatti,621301
226,Veerarakkiam,639114
227,Veeriyapalayam,639119
228,Velampadi,639205
229,Velanchettiyur,639207
230,Velayuthampalayam,639117
231,Vellapatti Zamin,621301
232,Velliyanai,639118
233,Vengamedu,639006
234,Venjamangudalur,639109
235,Vennamalai,639006
236,Verisinampatti,639207
237,Vettamangalam,639117
238,Viswanathapuri,639002
239,West Orathai,639113
240,Zamin Athur,639203
