SNO,Location,Pincode
1,A.Settipalli,635105
2,Achamangalam,635108
3,Achettipalli,635110
4,Achubala,635118
5,Agalakotta,635118
6,Agaram,635204
7,Agaramittikkal,635122
8,Agraharam,635001
9,Aikondamkothapalli,635203
10,Alapatti,635122
11,Amballi,635104
12,Anakode,635206
13,Anandur,635304
14,Anchetty,635102
15,Anchoor,635203
16,Anderipatti,635306
17,Andevanapalli,635107
18,Andiyur,635307
19,Angampatti,635206
20,Ankinayanapalli,635104
21,Anniyalam,635107
22,Arasakuppam,635107
23,Athiganur,635203
24,Athimugam,635105
25,Athipadi,635307
26,Avalapalli,635109
27,Avathavadi,635204
28,Badapalli,635306
29,Bagalur,635103
30,Bairamangalam,635113
31,Balanapalli,635121
32,Balanayanapalli,635108
33,Balathottanapalli,635107
34,Baleguli,635204
35,Balethottam,635206
36,Baliganapalli,635103
37,Baliganur,635116
38,Bandarahalli,635123
39,Bandaseemanur,635104
40,Bannihalli,635106
41,Barugur,635104
42,Basthi,635109
43,Batlapalli,635104
44,Beerpalli,635115
45,Begepalli,635126
46,Belalam,635118
47,Belathur,635124
48,Belavarthi,635120
49,Bellarampalli,635122
50,Bennangur,635107
51,Berigai,635105
52,Bikkanapalli,635115
53,Billanakuppam,635115
54,Bimandapalli,635115
55,Binnamangalam,635118
56,Bodichipalli,635113
57,Bommahalli,635111
58,Bommathathanur,635113
59,Bukkasagaram,635109
60,Chaparthi,635106
61,Chappadi,635117
62,Chembarasanapalli,635117
63,Chennapalli,635117
64,Chennasandiram,635121
65,Chennathur,635109
66,Chigaralapalli,635104
67,Chigaramaganapalli,635121
68,Chinnamattarapalli,635120
69,Chinnappareddypalayam,635114
70,Chintagampalli,635104
71,Chowtahalli,635112
72,Damodarahalli,635123
73,Dasiripalli,635121
74,Denkanikotta,635107
75,Devaganapalli,635114
76,Devarmukkulam,635111
77,Devarulimangalam,635107
78,Deveerahalli,635123
79,Deveerapalli,635103
80,Dindal,635111
81,Doddabbanur,635113
82,Doddamanchi,635102
83,Doddampat R.s.,635304
84,Doddapoovathi,635122
85,Doddathimmanahalli,635116
86,Doddaubbanur,635118
87,Doripalli,635109
88,Dowlatabad,635001
89,Eggur,635307
90,Elathagiri,635108
91,Emakkalnatham,635104
92,Ennegolpudur,635122
93,Enusonai,635117
94,Errasigalahalli,635106
95,Erudukotta,635107
96,Ettipatti,635306
97,Gangaleri,635122
98,Gangojikothur,635121
99,Gendiganapalli,635107
100,Gopanapalli,635110
101,Govindapuram,635307
102,Gummalapuram,635118
103,Gummanur,635116
104,Gundalapatti,635101
105,Guruvinayanapalli,635120
106,Guttahalli,635107
107,Haleseebam,635119
108,Hosur,635109
109,Hosur Cattle farm,635110
110,Hosur East,635109
111,Hosur Indl. complex,635126
112,Iruthalam,635113
113,Jagadab,635112
114,Jagadevi,635203
115,Jakkeri,635113
116,Javalagiri,635118
117,Kakkadasam,635107
118,Kalarpathi,635203
119,Kalingavaram,635117
120,Kallavi,635304
121,Kallukurukki,635001
122,Kalvehalli,635101
123,Kamandoddi,635109
124,Kammampalli,635120
125,Kanakamutulu,635001
126,Kandikuppam,635108
127,Kannandahalli,635203
128,Karadiguri,635001
129,Karagur,635111
130,Karaikodihalli,635111
131,Karapattu,635207
132,Karimangalam,635111
133,Karupalli,635113
134,Kathiripuram,635112
135,Kattinayanapalli,635001
136,Kavandanur,635203
137,Kaveripattinam,635112
138,Kaveripattinam Bazaar,635112
139,Kelamangalam,635113
140,Kethunaickenpatti,635307
141,Kodamandapatti,635306
142,Kodipalli,635115
143,Kondappanayanapalli,635104
144,Konegoundanur,635121
145,Koneripalli,635117
146,Koppakarai,635116
147,Kothagondapalli,635109
148,Kothalam,635106
149,Kothapeta(hosur),635109
150,Kottaiyur,635102
151,Kottur,635121
152,Krishnagiri,635001
153,Krishnagiri Courts,635001
154,Krishnagiri Indl. estate,635002
155,Krishnagiri Project,635101
156,Kullampatti,635203
157,Kumbalam,635117
158,Kumudepalli,635109
159,Kundukottai,635107
160,Kundumaranapalli,635113
161,Kunnathur,635306
162,Kuriyanapalli,635121
163,Kurubarahalli,635115
164,Kurumpatti,635101
165,Lakshmipuram,635001
166,M.Vellalapatti,635304
167,Madepalli,635104
168,Madrahalli,635203
169,Maganurpatti,635307
170,Mahadevagollahalli,635206
171,Maharajakadai,635120
172,Malaiyandahalli,635112
173,Mallapadi,635104
174,Mallinayanapalli,635120
175,Manavaranapalli,635121
176,Manchukondapalli,635102
177,Mannadapatti,635207
178,Maradanapalli,635107
179,Marampatti,635207
180,Marasandiram,635121
181,Marichettihalli,635204
182,Mariyalam,635102
183,Marudepalli,635108
184,Maruderi,635204
185,Marupalli,635118
186,Mathagondapalli,635114
187,Mathur,635203
188,Mekalachinnampalli,635120
189,Mittahalli,635112
190,Mittapalli,635307
191,Mookandapalli,635126
192,Moramadugu,635122
193,Mottur,635207
194,Mudisadanapalli,635105
195,Muduganapalli,635110
196,Mudukurukki,635105
197,Mugalur,635110
198,Mukkulam,635111
199,Muthali,635109
200,Muthur,635114
201,Nadupatti,635307
202,Nagamangalam,635113
203,Nagarasampatti,635204
204,Nagondapalli,635110
205,Naickanur,635307
206,Nakkalpatti,635203
207,Nallore,635103
208,Nallur,635121
209,Nandimangalam,635105
210,Naralapalli,635120
211,Nedumaruthi,635115
212,Nedungal,635112
213,Neralagiri,635121
214,Nochikuppam,635121
215,Nochipatti,635207
216,Noganur,635107
217,Odayandahalli,635116
218,Oddapatti,635203
219,Onnalvadi,635109
220,Oppadavadi,635104
221,Orappam,635108
222,Pachappanatti,635113
223,Padiganalam,635107
224,Paiyur,635112
225,Panakamutulu,635106
226,Panchakshipuram,635110
227,Pannandur,635123
228,Papparapatti,635123
229,Parandapalli,635206
230,Pathakota,635119
231,Pavakkal,635307
232,Peddabelagondapalli,635114
233,Peddachigaralapalli,635117
234,Peddamelupalli,635001
235,Peddanapalli,635001
236,Peddathalapalli,635001
237,Penneswaramadam,635112
238,Perandapalli,635109
239,Periyakaradiyur,635206
240,Periyakottakulam,635304
241,Periyakottapalli,635001
242,Periyathallapadi,635307
243,Periyathallihalli,635112
244,Perugopanapalli,635203
245,Pochampalli,635206
246,Pothapuram,635112
247,Pothinayanapalli,635001
248,Puliampatti,635206
249,Ramapuram,635115
250,Ramnagar,635109
251,Royakottah,635116
252,Sadanapalli,635108
253,Salamarathupatti,635304
254,Salivaram,635107
255,Samalpatti R.s,635306
256,Samanapalli,635117
257,Samanthamalai,635115
258,Sandanapalli,635107
259,Santhur,635206
260,Saragapalli,635114
261,Sarandapalli,635107
262,Sembadamuthur,635122
263,Senamavu,635119
264,Seshurajapuram,635102
265,Sevaganapalli,635103
266,Shoolagiri,635117
267,Shoolingunta,635118
268,Singarapettai,635307
269,Sivampatti,635203
270,Sulakarai,635304
271,Sundekuppam,635101
272,Thadigal,635107
273,Thagatti,635102
274,Thally,635118
275,Thally Kothanur,635118
276,Thatrahalli,635123
277,Thimmapuram,635112
278,Thimmarayanahalli,635106
279,Thippanapalli,635115
280,Thogarapalli,635203
281,Thorapalli Agraharam,635109
282,Thummanapalli,635105
283,Thuppuganapalli,635119
284,Tiruvanapatti,635304
285,Uddanapalli,635119
286,Ullukurukki,635113
287,Upparapatti,635207
288,Urigam,635102
289,Uttangarai,635207
290,Vadamangalam,635123
291,Valipatti,635306
292,Varattanapalli,635120
293,Velampatti,635204
294,Venkatadampatti,635207
295,Venkatasamudram,635104
296,Venkatesapuram,635109
297,Veppanapalli,635121
298,Vilangamudi,635204
299,Viramalai,635204
300,Virupasandiram,635121
