SNO,Location,Pincode
1,A.Ammapatti,625706
2,A.Kokkulam,625514
3,A.Pudupatti,625501
4,A.Thottiapatti,625704
5,A.Vellalapatti,625301
6,Achampatti,625501
7,Alagappa Nagar,625003
8,Alagapuri,625501
9,Alagarkoil,625301
10,Alagichipatti,625109
11,Alampatti,625706
12,Alanganallur,625501
13,Alappalacheri,625704
14,Allikundam,625527
15,Ambalakaranpatti,625109
16,Anaiyur,625017
17,Anaiyur H.b. colony,625017
18,Andarkottaram,625020
19,Andipatti,625218
20,Anna Nagar,625020
21,Anuppanadi Housing board colon,625009
22,Anuppanady,625009
23,Appakarai,625704
24,Appantiruppathi,625301
25,Arasapatti,625706
26,Arasaradi,625016
27,Arittapatti,625106
28,Ariyapatti,625532
29,Arukkampatti,625105
30,Arumbanur,625104
31,Athikaripatti,625527
32,Athipatti,625705
33,Attapatti,625108
34,Austinpatti,625008
35,Avalsurampatti,625701
36,Avanivapuram,625012
37,Ayyanarkulam,625537
38,Ayyankottai,625221
39,Ayyankuruvithurai,625207
40,Ayyapatti,625103
41,Ayyur,625501
42,Boothipuram,625532
43,Budamangalam,625108
44,Buthagudi,625017
45,Chatrapatti,625014
46,Chatravellalapatti,625503
47,Checkanurani,625514
48,Chellampatti,625566
49,Chettikulam,625514
50,Chintamani,625009
51,Chitoor,625707
52,Chittampatti,625122
53,Chockalingapuram,625103
54,Deivanayagapuram,625703
55,Denobli Press,625007
56,Doddappanayakanur,625532
57,E.Kottapatty,625535
58,Ellis Nagar,625016
59,Eravarpatti,625537
60,Erkudi Achampathu,625019
61,Errampatti,625501
62,Erumarpatti,625527
63,Ettimangalam,625105
64,Gandhi Nagar,625020
65,Ganjampatti,625708
66,Gnanaolivupuram,625016
67,Harveypatti,625005
68,Ilamanur,625201
69,Irumbadi,625205
70,Jaihindpuram,625011
71,Jari Usilampatti,625702
72,Jayankondanilai,625102
73,Jothilnayakanur,625535
74,Jothimanickam,625514
75,K.Pudur,625007
76,K.Sennampatti,625701
77,Kachakatti,625218
78,Kachirayanpatti,625101
79,Kachirayiruppu,625234
80,Kadaneri,625702
81,Kadupatti,625207
82,Kalappanpatti,625529
83,Kalimangalam,625020
84,Kallampatti,625106
85,Kallanai,625501
86,Kallandiri,625301
87,Kalligudi,625701
88,Kalluthu,625537
89,Kalpalam Road,625002
90,Kalvelipatti,625221
91,Kambur,625101
92,Kancharampettai,625014
93,Kangeyanatham,625706
94,Kappalur,625008
95,Kappalur Indl.estate,625008
96,Karadikal,625706
97,Karaikeni,625702
98,Karumathur,625514
99,Karungalakudi,625101
100,Karupatti,625205
101,Karuppayurani,625020
102,Karuvanur,625014
103,Kathakinaru,625107
104,Kattathevanpatti,625529
105,Keelamathur,625016
106,Keerathurai,625001
107,Kesampatti,625105
108,Kethuvarpatti,625705
109,Kidaripatti,625301
110,Kilaiyur,625106
111,Kilakuyilkudi,625019
112,Kilavalavu,625102
113,Kilavaneri,625704
114,Kinnimangalam,625514
115,Kochadai,625016
116,Kodangipatti,625503
117,Kodikulam,625514
118,Kodimangalam,625016
119,Kodukkampatti,625108
120,Kondayampatti,625221
121,Kongampatti,625102
122,Koothiyargundu,625008
123,Koovalapuram,625703
124,Koppinaickanpatti,625702
125,Kottagudi,625106
126,Kottampatti,625103
127,Kottanathampatti,625109
128,Kovilangulam,625514
129,Krishnapuram Colony,625014
130,Kudakoil,625022
131,Kuduseri,625705
132,Kulamangalam,625017
133,Kulasekarankottai,625218
134,Kumaram,625018
135,Kunnarampatti,625101
136,Kuppalnatham,625527
137,Kuraiyur,625701
138,Kuravagudi,625537
139,Kurichipatti,625109
140,Kusavangundu,625022
141,Kuttimeichanpatti,625501
142,Lakshmipuram,625301
143,Lalapuram,625707
144,M.Kallupatti,625535
145,M.Pudupatti,625702
146,M.Puliyankulam,625707
147,M.Subbulapuram,625702
148,Ma Munichalai road,625009
149,Ma Periyar bus stand,625001
150,Ma Race course,625002
151,Ma Rajaji hospital,625020
152,Ma Reserve lines,625014
153,Ma West masi street,625001
154,Madakkulam,625003
155,Madipanur,625704
156,Madurai,625001
157,Madurai Agricultural college,625104
158,Madurai Bazaar,625001
159,Madurai Bibikulam,625002
160,Madurai Corporation building,625002
161,Madurai Courts,625020
162,Madurai East,625009
163,Madurai North,625014
164,Madurai Palace,625001
165,Madurai Railway divl office,625016
166,Madurai West,625001
167,Malampatti,625102
168,Mallapuram,625535
169,Manappachery,625103
170,Mangalampatti,625101
171,Mangalrevu,625703
172,Mangulam,625301
173,Mannadimangalam,625207
174,Manuthu,625527
175,Mariammalkulam,625221
176,Marudangudi,625701
177,Mathur,625301
178,Meenambalpuram,625002
179,Meikilarpatti,625532
180,Melakkal,625234
181,Melakottai,625706
182,Melanachikulam,625205
183,Melauppiligundu,625022
184,Melavlavu,625105
185,Melur,625106
186,Melur East,625106
187,Melur South,625106
188,Mettupatti,625502
189,Mudakkuchalai,625016
190,Mudalaikulam,625514
191,Muduvarpatti,625503
192,Mullipallam,625207
193,Municipal Colony,625020
194,Muthusamypatti,625102
195,Nachikulam,625205
196,Nadumudalaikulam,625514
197,Nagamalai,625019
198,Nakkalapatti,625532
199,Nallamaram,625702
200,Nallur,625022
201,Nariampatti,625207
202,Narimedu,625002
203,Narsingampatti,625122
204,Nattamangalam,625532
205,Nattarmangalam,625101
206,Navinipatti,625106
207,Nedungulam,625706
208,Nilaiyur,625005
209,Odaipatti,625701
210,Othakadai,625107
211,Othakoilpatti,625101
212,P.Thottiapatti,625703
213,Palaiyur,625705
214,Palamedu,625503
215,Palanganatham,625003
216,Palkalai Nagar,625021
217,Pallapatti,625103
218,Panaiyur,625009
219,Pandangudi,625103
220,Pandian Nagar,625006
221,Pandiarajapuram,625209
222,Papanasam Pykara colony,625004
223,Pappanaickenpatti,625708
224,Pappapatti,625537
225,Pappayapuram,625703
226,Paravai,625402
227,Pasumalai,625004
228,Pathinettangudi,625106
229,Pattur,625105
230,Peraiyur,625703
231,Periyapoolampatti,625703
232,Perungamanallur,625527
233,Perungudi,625022
234,Petchiamman Paditurai,625001
235,Podumbu,625018
236,Ponmeni,625016
237,Ponnagaram,625016
238,Ponnamangalam,625706
239,Poonjuthi,625110
240,Poosalapuram,625527
241,Poosaripatti,625122
242,Poruppumettupatti,625529
243,Postal Training centre,625022
244,Pothampati,625532
245,Pottapatti,625103
246,Pudunagar,625706
247,Pudur Bazaar,625007
248,Pudusukkampatti,625106
249,Puduthamaraipatti,625107
250,Puliankulam,625201
251,Pulipatti,625301
252,Pulluthu,625016
253,Rajakkur,625107
254,Royapalayam,625706
255,Royapuram,625234
256,S.Kottaipatti,625527
257,S.N.college,625022
258,S.P.natham,625706
259,Sakkarappanaickanur,625207
260,Sakkimangalam,625201
261,Sakkudi,625020
262,Samanatham,625009
263,Samayanallur,625402
264,Sandaiyur,625703
265,Saptur,625705
266,Saruguvalayapatti,625109
267,Sathangudi,625706
268,Sedapatti,625527
269,Seelnayakanpatti,625535
270,Sekkipatti,625101
271,Sellur,625002
272,Sembarani,625527
273,Sendamangalam,625503
274,Sengapadai,625704
275,Sennagarampatti,625105
276,Sevarakottai,625706
277,Shanthi Nagar,625018
278,Sholavandan,625214
279,Sholavandan Bazaar,625214
280,Silaiman,625201
281,Silamalaipatti,625703
282,Silarpatti,625702
283,Simmakkal,625001
284,Sindhupatti,625529
285,Siruvalai,625402
286,Sithalai,625706
287,Sithalangudi,625221
288,Sithireddipatti,625704
289,Sivanandanagar,625008
290,Sokkampatti,625103
291,Sokkikulam,625002
292,Solaipatti,625708
293,Solanguruni,625022
294,South Gate,625001
295,South Veli st at mattuthavani,625007
296,Sowdarpatti,625704
297,Ss Colony,625016
298,Subramaniapuram,625011
299,Sulapuram,625535
300,Suragundu,625106
301,Surapatti,625103
302,Surveyor Colony,625007
303,T.Kallupatti,625702
304,T.Kokkulam,625022
305,T.Krishnapuram,625705
306,T.Kunnathur,625708
307,T.Pudupatti,625704
308,T.Ramanathapuram,625535
309,T.Uchapatti,625529
310,T.Vellalapatti,625122
311,Tallakulam,625002
312,Tallakulam Housing board colon,625020
313,Tettur,625503
314,Thadayampatti,625535
315,Thanakkankulam,625006
316,Thangalacheri,625706
317,Thanichiyam,625221
318,Thaniyamangalam,625109
319,Thathaneri,625018
320,Thenkarai,625207
321,Thenpalanji,625021
322,Thenur,625402
323,Therkilamur,625110
324,Therkutheru,625122
325,Thiagarajar College,625009
326,Thiagarajar Engg college,625015
327,Thimmanatham,625537
328,Thiruparankundram,625005
329,Thiruvalavayanallur,625221
330,Thodaneri,625402
331,Thonthilingapuram,625103
332,Thoppur,625008
333,Thumbaipatti,625108
334,Thummagundu,625529
335,Thuvariman,625016
336,Tidiyan,625529
337,Tirali,625706
338,Tirumal,625022
339,Tirumalpuram,625014
340,Tirumangalam,625706
341,Tirumangalam South,625706
342,Tirumanickam,625535
343,Tirumoghur,625107
344,Tirunagar,625006
345,Tiruppalai,625014
346,Tiruvadur,625110
347,Tiruvedagam,625234
348,Tiruvedagam West,625217
349,Town Hall road,625001
350,Tvs Nagar,625003
351,Uranganpatti,625109
352,Urappanur,625706
353,Usilampatti,625532
354,Usilampatti East,625532
355,Usilampatti Pettai,625532
356,Uthangudi,625107
357,Uthappanayakanur,625537
358,Uthapuram,625535
359,Vadakkampatti,625701
360,Vadapalanji,625021
361,Vadipatti,625218
362,Vadivelkarai,625019
363,Vadugapatti,625532
364,Vagaikulam,625017
365,Vagurani,625532
366,Valaicheripatti,625103
367,Valandur,625532
368,Valasai,625501
369,Valayankulam,625022
370,Valayapatti,625022
371,Vandapuli,625705
372,Vandari,625705
373,Vandiyur,625020
374,Vanjinagaram,625101
375,Vannivelampatti,625702
376,Varichiyur,625020
377,Vavidaimaruthur,625501
378,Vayalur,625402
379,Veeraperumalpuram,625706
380,Velambur,625702
381,Velichanatham,625014
382,Vellakulam,625701
383,Vellalur,625109
384,Vellamalaipatti,625537
385,Vellaripatti,625122
386,Vellayampatti,625503
387,Veppampatti,625705
388,Veppanuthu,625529
389,Vidathakulam,625706
390,Vikramangalam,625207
391,Vilacheri,625006
392,Vilakkuthoon,625001
393,Vilangudi,625018
394,Villapuram,625012
395,Villur,625707
396,Viradhanur,625009
397,Viraganur,625009
398,Virattipathu,625016
399,Visalakshi Nagar,625018
400,Vowalthottam,625104
401,West Ponnagaram,625016
402,Yanaikkal,625001
403,Yelumalai,625535
