SNO,Location,Pincode
1,A. kiliyanur,609403
2,Achalpuram,609101
3,Adalaiyur,609701
4,Adhanur,614707
5,Agara Kondagai,609703
6,Agasthiampalli,614810
7,Akkaraipettai,611106
8,Akkur,609301
9,Akkur Bazaar,609301
10,Alakkudi,609101
11,Alangudi,609801
12,Alangudichery,609703
13,Alathur,609604
14,Alaveli,609118
15,Aliyur,611117
16,Ambal,609503
17,Anaikaranchatram,609102
18,Anaikaranchatram South,609102
19,Anandatandavapuram,609103
20,Andakudi,610106
21,Andanapettai,611102
22,Annamperumalkoil,609109
23,Annapettai,614714
24,Anniyur,612201
25,Arangakudi,609302
26,Arapallam,609101
27,Arappakkam,609111
28,Arkattuthurai,614809
29,Arulmozhithevan,609203
30,Arunthavampulam,614711
31,Arupathy,609309
32,Aruvapadi,609203
33,Athipuliyur,611105
34,Athukudi,609117
35,Athur,609204
36,Attikkadai,613702
37,Avaranipuducherri,611108
38,Avarikadu,614806
39,Ayakaramvalam I sethi,614707
40,Ayakarmvalam Iii sethi,614707
41,Ayakkarambalam Ii sethi,614707
42,Ayappadi,609303
43,Aymazhai,611102
44,Aymoor,614711
45,Buthanur,609312
46,Chandrapadi,609307
47,Chettipulam,614806
48,Chinnathumbur,611102
49,Chittarkadu,609003
50,Dharmapuram,609001
51,Durgashariff,611002
52,Edakiam,609805
53,Edamanal,609115
54,Eduthukatti,609312
55,Elandangudi,609401
56,Elathur,609116
57,Elayalur,609302
58,Enangudi,609701
59,Eravancheri,609501
60,Eravancherry,611105
61,Erayangudi,611109
62,Erukkattanchery,609307
63,Erukkur,609108
64,Ervadi,609601
65,Ettukudi,610212
66,Gangadarapuram,609805
67,Gopalasamudram,609108
68,Gopurajapuram,609703
69,Hanumanthapuram,609102
70,Idaikudi-vadapathy,609117
71,Ilanthope,609201
72,Iluppur,609308
73,Kadavasal,609104
74,Kadinavayal,614707
75,Kakkalani,611101
76,Kalamanallur,609301
77,Kali,609811
78,Kaliyappanallur,609307
79,Kallimodu,614809
80,Kalukkanimuttam,609203
81,Kamakshipuram,609809
82,Kameswaram,611110
83,Kangalanchery,610101
84,Kanganamputhur,609203
85,Kanjanagaram,609304
86,Kanjivoy,612203
87,Kannukiniyanar Koil,609104
88,Karaimedu,609109
89,Karaiyur,610101
90,Karapidagai,611110
91,Kariyapattinam,614806
92,Kariyapattinam R.s,614806
93,Karkoil,609112
94,Karunganni,611103
95,Karuppanpulam,614707
96,Karuvazhakarai,609304
97,Katripulam,614808
98,Kattiyaniruppu,609109
99,Kattuchery,609303
100,Kaveripattinam,609105
101,Kaveripattinam Beach,609105
102,Keelamaruthandanallur,609103
103,Keeranallur,609115
104,Kidarankondan,609304
105,Kilaiyur,609304
106,Kilaperumpallam,609107
107,Kilasattanathapuram,609106
108,Kilathanilaipadi,611109
109,Kilathanjavur,610101
110,Kiliyanur,609402
111,Killukudi,611109
112,Kilmathur,609116
113,Kiloy,609202
114,Kilvel R.s.,611104
115,Kilvelur,611104
116,Kilvelur Bazar,611104
117,Kodakkaramoolai,609101
118,Kodangudi,609314
119,Kodiakadu,614807
120,Kodiakkarai,614807
121,Kodiyampalayam,609101
122,Kohur,611104
123,Koilkannapur,610207
124,Koilpathu,611112
125,Koilthirukolakkal,609111
126,Kolapadu,610207
127,Komal,609805
128,Kondathur,609117
129,Konerirajapuram,612201
130,Koolaiyar,609113
131,Koorathangudi,610207
132,Koranad,609001
133,Koranad South,609003
134,Korukkai,609203
135,Kothandapuram,609101
136,Kottarakudi,610101
137,Kovilpathu,609111
138,Kozhaiyur,609805
139,Kunnam,609108
140,Kurukathi,611105
141,Kuruvapulam,614808
142,Kuthur,611105
143,Kuttalam,609801
144,Kuttalam East,609801
145,Madanam,609104
146,Madapuram,611103
147,Madervelur,609102
148,Madirimangalam,609801
149,Mahendrapalli,609101
150,Mallapuram,612201
151,Malliyam,609806
152,Mamakudi,609301
153,Manakudi,614712
154,Manalmedu,609202
155,Manalmedu East,609202
156,Mandai,612203
157,Mangamadam,609106
158,Manganallur,609404
159,Manganallur Bazaar,609404
160,Manickapangu,609313
161,Manigramam,609114
162,Manjakollai,611106
163,Mannampandal,609305
164,Mannipallam,609112
165,Mappadugai,609003
166,Maracheri,614711
167,Maraignanallur,614810
168,Maraiyur,609806
169,Marathurai,609204
170,Marudur Therkusethi,614714
171,Marudur Vadakku sethi,614714
172,Marungur,609702
173,Maruthampallam,609301
174,Mathur,609301
175,Mayiladuthurai,609001
176,Mayiladuthurai Bazaar,609001
177,Mayiladuthurai Cutchery,609001
178,Mayiladuthurai North,609001
179,Mayiladuthurai R.s,609003
180,Mayiladuthurai South,609001
181,Mayiladuthurai West,609003
182,Melaiyur Tvg,609107
183,Melakottaivasal,611001
184,Melapathi,609304
185,Melaperumpallam,609107
186,Melavanjore,611002
187,Melavazhakarai,610204
188,Memathur,609309
189,Mohanur,611109
190,Molaiyur,609118
191,Moovalur,609806
192,Mudikondanallur,609309
193,Mutharasapuram,610201
194,Muthur,609302
195,Muttam,611002
196,Nagakudaiyan,614808
197,Nagapattinam,611001
198,Nagapattinam Bazaar,611001
199,Nagapattinam Collectorate,611003
200,Nagore,611002
201,Nagore South,611002
202,Nakkampadi,612203
203,Nalladai,609306
204,Nallanayagapuram,609102
205,Nallathukudi,609001
206,Nalluchery,609309
207,Naluvedapathy,611112
208,Namasivayapuram,609811
209,Nangur,609106
210,Narasinganpettai,609802
211,Narimanam,611002
212,Natarajapillai Chavadi,609109
213,Nathapallam,614711
214,Neermulai,614711
215,Neidavasal,609105
216,Neipathur,609106
217,Neivilakku,614808
218,Nemmeli(srk),609116
219,Nidur,609203
220,Nirthanamangalam,611118
221,Okkur,611002
222,Orathur,611108
223,P.Kondagai,609703
224,Pachaiperumal Nallur,609104
225,Pagasalai,609117
226,Pakkamkottur,609701
227,Palaiyur,611106
228,Palakurichi,611109
229,Palayagudalur,609801
230,Palayapalayam,609101
231,Palayar,609101
232,Palpannaichery,611003
233,Panangudi,611002
234,Panayadikuthagai,614808
235,Panchanathikulam,614714
236,Panchanathikulam East,614714
237,Panchanathikulam Nadu sethi,614714
238,Pandanallur,609807
239,Pandur,609203
240,Pannal,614707
241,Parasalur,609309
242,Paravakkarai,612201
243,Pattamangalam,609001
244,Pattavilagam,609116
245,Perambur,609406
246,Perambur (akc),609108
247,Periyakuthagai,614809
248,Peruncheri,609404
249,Perunkadambanur,611108
250,Perunthottam,609106
251,Pillali,609704
252,Pirandiyankarai,614806
253,Pirinjimoolai,614712
254,Polagam,609702
255,Poravachery,611108
256,Porayar,609307
257,Porayar Market,609307
258,Porayar R.s.,609307
259,Pragramam,609703
260,Prathabaramapuram,611111
261,Pudupalli,611112
262,Pudupattinam,609101
263,Puduthurai,609106
264,Pulavanur,609205
265,Puliyanthurai,609101
266,Puliyur,611108
267,Punganur,609117
268,Pushpavanam,614809
269,Puthur (srk),609108
270,Radhamangalam,611109
271,Radhanallur (srk),609115
272,Radhanallur (srk),609115
273,Radhanallur (tvg),609114
274,Rajapuram,614806
275,Sankaranpandal,609308
276,Sannanallur,609504
277,Sattanathapuram,609109
278,Seeyathamangai,609702
279,Seithur Srk,609112
280,Sembadaniruppu,609109
281,Sembanarkoil,609309
282,Sembanarkoil East,609309
283,Sembianmahadevi,611109
284,Sembodai,614820
285,Semmangudi(srk),609104
286,Senbagarayanallur,614806
287,Sendamangalam,609310
288,Sengamangalam,611108
289,Serudur,611111
290,Serunallur,611105
291,Seshamoolai,609702
292,Sholampettai,609003
293,Siddamalli,609205
294,Sigar,610106
295,Sikkal,611108
296,Sirkali,609110
297,Sirkali East,609111
298,Sirkali Thenpathi,609111
299,Sirkali West,609111
300,Sithaimur,610203
301,Sodiyakudi,609108
302,Solasakkaranallur,609118
303,Solavidyapuram,611103
304,Suraikkayur,612203
305,Suramangalam,610201
306,Takattur,614714
307,Talachangadu,609107
308,Talanayar Agraharam,614712
309,Talanayar Iii sethi,614712
310,Talanayar Vsk,609201
311,Talanayat Iv sethi,614712
312,Tarangambadi,609313
313,Terizhandur,609808
314,Terkupanaiyur,610207
315,Terkupoigainallur,611111
316,Thalaikadu,614711
317,Thandavankulam,609101
318,Thanikottagam,614716
319,Thennampattinam,609106
320,Thennampulam,614806
321,Thethakudi Therkusethi,614809
322,Thethakudivadakkusethi,614809
323,Thevur,611109
324,Thuhili,609804
325,Thulajapattinam,614714
326,Thulasapuram,614711
327,Tillaiyadi,609310
328,Tirucadaiyur,609311
329,Tiruchempalli,609309
330,Tiruchenkattangudi,609704
331,Tiruchitrambalam,609204
332,Tirukannangudi,611104
333,Tirukannapuram,609704
334,Tirukkalachery,609312
335,Tirukuvalai,610204
336,Tirumailadi,609108
337,Tirumananjeri,609801
338,Tirumangalakudi,612102
339,Tirumangalam,609811
340,Tirumarugal,609702
341,Tirumeignanam,609311
342,Tirumeniarkoil,609204
343,Tirumullaivasal,609113
344,Tirunagari,609106
345,Tirunandriyur,609118
346,Tirupayathangudi,610101
347,Tirupugalur,609704
348,Tirupundi,611110
349,Tirupundi South,611110
350,Tirupungur,609112
351,Tiruvaimoor,610204
352,Tiruvalangadu,609810
353,Tiruvalaputhur,609205
354,Tiruvali,609109
355,Tiruvavaduthurai,609803
356,Tiruvengadu,609114
357,Tiruvidaikali,609310
358,Tiruvidavasal,613702
359,Tiruvilandur,609001
360,Tiruvilayattam,609306
361,Tiruvizhimazhalai,609505
362,Tittachery,609703
363,Tittai (srk),609111
364,Topputhurai,614809
365,Umayalpathi,609104
366,Umayalpuram,609301
367,Umbalacheri,614711
368,Uvoimedu,614714
369,Vadagarai,609701
370,Vadakarai,609314
371,Vadakkupoigainallur,611106
372,Vadamalaimanakadu,614716
373,Vadamattam,612201
374,Vadugachery,611109
375,Vadugur,614712
376,Vailankanni,611111
377,Vailankanni West,611111
378,Vaithiswarankoil,609117
379,Vaithiswarankoil West,609117
380,Valivalam,610207
381,Valluvakudi,609116
382,Valuvur,609401
383,Vanagiri,609105
384,Vanathirajapuram,609806
385,Vanduvancheri,614714
386,Varisapathu Vadagal,609115
387,Vayalur,612201
388,Vedaraniam,614810
389,Velampudukudi,609306
390,Velippalayam,611001
391,Vellapallam,611112
392,Venmanachery,611103
393,Vettaikaraniruppu,611112
394,Vettangudi,609115
395,Vilanthida Samudram,609111
396,Villiyanallur,609203
397,Vilundamavadi,611112
398,Virkudi,610101
399,Vishnupuram,609506
