SNO,Location,Pincode
1,85 R.komarapalayam,637403
2,A.Erayamangalam,637210
3,Adukkam,637411
4,Agaram,637202
5,Agraharam,637403
6,Akkalampatti,637212
7,Akkaraipatti,637503
8,Akkiampatti,637409
9,Alampalayam,638008
10,Alampatti,637020
11,Alanganatham,637013
12,Alathurnadu,637411
13,Alavaipatti,637505
14,Anaipalayam,637401
15,Anandagoundampatti-pssk,637505
16,Anangur,637304
17,Andagalur,637401
18,Andapuram,637020
19,Andipalayam,637214
20,Anichampalayam,638182
21,Animoor,637214
22,Aniyapuram,637017
23,Arasanatham,637020
24,Ariyagoundampatti,637406
25,Ariyur,637015
26,Ariyurkashpa,637411
27,Ariyurnadu,637411
28,Arur,637020
29,Attanur,636301
30,Avalnaickenpatti,637019
31,Avanasipatti,637202
32,Ayilpatti,636202
33,Bailnadu,637411
34,Belukurichi,637402
35,Bodinaickenpatti,637412
36,Bodupatti,637003
37,Bommampatti,637212
38,Bommasamudram,637001
39,Chandrasekarapuram,637401
40,Chidambarapatti,637405
41,Chinnathambipalayam,637209
42,Chittalandur,637201
43,Chittoornadu,637411
44,Dadhadripuram,637018
45,Devanankurichi,637209
46,Devanurnadu,637411
47,Devarayapuram,637021
48,Edappulinadu,637411
49,Elachipalayam,637202
50,Elanagar,637212
51,Elandakuttai,638008
52,Elayampalayam,637205
53,Elur,637018
54,Emapalli,637214
55,Erampatti,637013
56,Eranapuram,637003
57,Eswaramurthipalayam,636202
58,Gandhiashram,637201
59,Gandhipuram,637409
60,Ganesapuram,637001
61,Gunduninadu,637411
62,Gundurnadu,637411
63,Gurusamipalayam,637403
64,Iluppili,637202
65,Irukkur,637204
66,Jedarpalayam,637213
67,K.Ayyampalayam,637213
68,K.Pudupalayam,637017
69,Kadachanallur,638008
70,Kadappalli,637019
71,Kadiranallur,637412
72,Kailasampalayam,637209
73,Kakkaveri,637408
74,Kalangani,637014
75,Kalappanaickenpatti,637404
76,Kaliyanur,638008
77,Kalkattanur,637505
78,Kalkurichi,637402
79,Kallankattuvalasu,638183
80,Kalyanni,637018
81,Kamarajnagar,636202
82,Kammalapatti,636202
83,Kandampalayam,637203
84,Kannurpatti,637014
85,Kapilamalai,637204
86,Karadipatti,637019
87,Karaikurichi,637014
88,Karichipalayam,637201
89,Karkudalpatti,636202
90,Karumanur,637503
91,Karungalpatti,637410
92,Karuveppampatti,637304
93,Kattanachampatti,637408
94,Kattur,636202
95,Kavakarapatti,637013
96,Kavundampalayam,637210
97,Kavundipalayam,637203
98,Keerambur,637207
99,Kilapalayam,637202
100,Kilsathampur,637207
101,Kodurmitta,637212
102,Kokkalai,637410
103,Kolakattupudur,637208
104,Kolankondai,637503
105,Kolaram,637201
106,Kolathupalayam,637019
107,Komarapalayam,638183
108,Komarapalayam pssk,636202
109,Komarapalayam East,638183
110,Komarapalayam West,638183
111,Konangipatti,637013
112,Kondalam,637208
113,Kondamanaickenpatti,637405
114,Kondarasampalayam,637203
115,Konnaiyar,637202
116,Konur,637207
117,Koodachery,637206
118,Koothampoondi,637202
119,Koottapalli,637214
120,Kosavampalayam,637201
121,Kothamangalam,637213
122,Kottapalayam,637503
123,Kulivalavu,637411
124,Kullamanaickenpatti,637412
125,Kullanaickenpalayam,638008
126,Kumaramangalam,637205
127,Kumarapalayam,637209
128,Kumaripalyam,637015
129,Kunavelampatti,637401
130,Kunnamalai,637203
131,Kuppandapalayam,637205
132,Kuppuchipalayam,638182
133,Kurukkupuram,637401
134,Kurumbalamahadevi,637213
135,L.Kanavaipatti,637001
136,Laddivadi,637001
137,M.Rasampalayam,637207
138,Malaveepankuttai,637404
139,Malayampatti,636407
140,Mallasamudram,637503
141,Mamundi,637503
142,Manappalli,637017
143,Manathi,637212
144,Mangalapuram,636202
145,Maniyanur,637201
146,Marurpatti,637019
147,Masakalipatti,637401
148,Mathuruttu,636202
149,Mavureddipatti,637212
150,Mekkinikadu,637411
151,Melkalingampatti,637411
152,Melkallupalayam,637403
153,Melsathampur,637206
154,Melur,636407
155,Mettupatti,637020
156,Minnakkal Agraharam,637505
157,Minnampalli,637019
158,Modamangalam,637304
159,Mohanur,637015
160,Mohanur North,637015
161,Molasi,637210
162,Molippalli,637201
163,Moolakurichi,636142
164,Moolapallipatti,637406
165,Morangam,637410
166,Mudalaipatti,637003
167,Mullukurichi,636142
168,Munjanur,637403
169,Musiri,637018
170,Muthugapati,637405
171,Muthukalipatti,637401
172,Muttanchetti,637013
173,N.Kosavampatti,637001
174,N.Pudupatti,637020
175,N.Seerappali,637206
176,Nadandai,637206
177,Nadukombai,637404
178,Nadupatti-pssk,637505
179,Nallakumarampalayam,637212
180,Nallipalayam,637003
181,Namagiripettai,637406
182,Namakkal,637001
183,Namakkal Bazaar,637001
184,Namakkal Fort,637001
185,Nanjai Edaiyar,638182
186,Naraikinar,636118
187,Natarajanagar,638183
188,Natarajapuram,637001
189,Navakkadu,637411
190,Navaladipatti,637021
191,Navanipallipatti,637018
192,O.Rajapalayam,637209
193,Oduvankurichi,637406
194,Olaipatti Sowdapuram,637505
195,Oruvandur,637015
196,P.Muniappampalayam,636407
197,Pachal,637018
198,Pachudaiyampattipudur,637409
199,Pachudayampalayam,637406
200,Padaiveedu,637303
201,Palamedu,637503
202,Palaniappanur,637412
203,Palanthinnipatti,637505
204,Palapatti,637017
205,Palayapalayam,637405
206,Pallakkapalayam,637303
207,Pallipalayam,638006
208,Pallipalayamagraharam,638008
209,Pappinaickenpatti,637003
210,Parali,637020
211,Paramathi,637207
212,Paruthipalli,637503
213,Patlur,637210
214,Pattanam,637408
215,Pattathaiyankuttai,637404
216,Paundamangalam,637208
217,Pavithiram,637021
218,Pavthirampudur,637021
219,Perakarainadu,637411
220,Perappancholai,636113
221,Periamanali,637410
222,Periyakombai,636113
223,Periyakovilur,637411
224,Periyapatti,637001
225,Periyasolipalayam,637204
226,Pettapalayam,637015
227,Pilikkalpalayam,637213
228,Pillanallur,637403
229,Pillanatham,637205
230,Pillur,637206
231,Pirandagam,637212
232,Ponneri,637013
233,Pothanur,638181
234,Pottanam,637409
235,Pottireddipatti,637013
236,Puduchatram,637018
237,Pudukottai,637013
238,Pudupalayam,637408
239,Pullagoundampatti,637202
240,Punjaiedayarkilmugam,638182
241,Ramadevam,637203
242,Ramanathapuram,637409
243,Ramapuram,637202
244,Ramapuram Pudur,637001
245,Rasipuram,637408
246,Rasipuram Bazaar,637408
247,Rasipuram East,637408
248,Reddipatti,637001
249,Reddipudur,637014
250,S.Uduppam,637019
251,S.Valavanthi,637017
252,Samayasangiliagraharam,638008
253,Sanniyasikaradu,637001
254,Santhaipettaipudur,637001
255,Sappayapuram,637505
256,Sarkar Nattamangalam,637403
257,Sathinaickenpalayam,637205
258,Seerampalayam,638008
259,Seetharamapalayam,637209
260,Sellappampatti,637019
261,Selur,637208
262,Selurnadu,637411
263,Semmedu,637411
264,Sendamangalam,637409
265,Serukkalai,637212
266,Seventhipatti,621215
267,Sevetturanganpatti,637015
268,Siluvampatti,637003
269,Singalandapuram,637412
270,Singiliankombai,636202
271,Sirapalli,637406
272,Sirumolasi,637209
273,Sirunallikoil,637213
274,Sithampoondi,637203
275,Solakkadu,637411
276,Solasiramani,637210
277,Sowdapuram,638008
278,Sullipalayam,637203
279,Sultanpet,638182
280,Sundakattupatti,637411
281,Sungakaranpatti,637206
282,Suriyampalayam,637209
283,T.Jedarpalayam,637406
284,Talambadi,637019
285,Thaligai,637212
286,Thandagoundanpalayam,636202
287,Thanneerpandalpalayam,637304
288,Thathaiyangarpatti,637014
289,Thengalpalayam,636301
290,Thethukadu,637404
291,Thidumal,637204
292,Thillaipuram,637001
293,Thimmanaickenpatti,636202
294,Thindamangalam,637207
295,Thinnanurnadu,637411
296,Thirumanur,636202
297,Thiruppulinadu,637411
298,Thokkavadi,637209
299,Tholur,637017
300,Thoppapatti,637406
301,Thottiaptti,637410
302,Thottivalasu,636301
303,Thummankurichi,637003
304,Thusur,637001
305,Thuthikulam,637404
306,Thuthipalayam,637503
307,Thuvarapallam,637411
308,Tiruchengodu,637211
309,Tiruchengodu North,637211
310,Tiruchengodu South,637211
311,Tiruchengodu West,637211
312,Tirumalaipatti,637404
313,Unanthangal,636142
314,Unjanai,637205
315,Unjanaigoundampalayam,637205
316,Unjapalayam,638182
317,Uppupalayam,637201
318,Vadakaraiatur,637213
319,Vadavathur,637013
320,Vadugam,636407
321,Vadugam Muniappampalayam,636407
322,Vadugapalayam,637503
323,Vaiappamalai,637410
324,Valapurnadu,637411
325,Valavanthikombai,637404
326,Valavanthinadu,637411
327,Valayapatti,637020
328,Vallipuram,637003
329,Varadarajapuram,637013
330,Varagur,637021
331,Vasanthapuram,637001
332,Vattur,637205
333,Veeraganurpatti,637411
334,Veeranampalayam,638181
335,Velagoundampatti,637212
336,Vellakkalpatti,637406
337,Velur (namakkal),638182
338,Velur Bazaar sl,638182
339,Vengarai,637208
340,Vennandur,637505
341,Veppanpattibudur,637018
342,Veppilaipatti,636202
343,Vettamvbadi,637405
344,Villipalayam,637207
345,Visanam,637405
346,Zamin Elampalli,637210
