SNO,Location,Pincode
1,Adderly,643102
2,Ambalamoola,643240
3,Anikorai,643206
4,Aracode,643216
5,Araihatty,643221
6,Aravenu,643201
7,Aruvankadu,643202
8,Athigaratti,643203
9,Athikunna,643241
10,Athipalli,643212
11,Avilanchi Power house,643209
12,Balacola,643203
13,Bellevue,643224
14,Bengalmattam,643204
15,Berhatti,643231
16,Bickatti,643209
17,Billicombai,643214
18,Bitherkad,643240
19,Burliar,643102
20,Chamraj Estate,643204
21,Charing Cross,643001
22,Cherambadi,643205
23,Cherambadi Tea division,643220
24,Cherangode,643220
25,Cherumulli,643211
26,Chinna Coonoor,643206
27,Choondi,643211
28,Coonoor,643101
29,Coonoor Bazaar,643102
30,Coonoor Rs,643102
31,Defence Service staff college,643231
32,Denadudcombai,643206
33,Devala,643270
34,Devarshola,643207
35,Dhavani,643007
36,Doddabetta,643002
37,Doddacombai,643219
38,Donnington,643217
39,Down Hills,643217
40,Dr. basuviah nagar,643007
41,Dunsandle,643005
42,Ebbanad,643206
43,Emerald,643209
44,Farm Tea estate,643217
45,Fernhill,643004
46,Finger Post,643006
47,Glenmorgan,643237
48,Glenvans,643226
49,Gudalur Bazaar,643212
50,Gudalur Nilgiris,643211
51,Gundada,643217
52,Gurrency,643102
53,Halakkarai,643104
54,Hettakal,643217
55,Hillgrove,643102
56,Hubbathalai,643202
57,Hulical,643234
58,Hullathi,643007
59,Iduhatti,643002
60,Indunagar,643005
61,Ithalar,643004
62,Jegathala,643202
63,Kadanad,643206
64,Kadinamalai,643216
65,Kagguchi,643214
66,Kaikatti,643217
67,Kalhatti,643005
68,Kannerimukku,643217
69,Kargudi,643211
70,Kariashola,643225
71,Karumbalam,643102
72,Kata R.s.,643102
73,Katary,643213
74,Katary Dam,643213
75,Kattabettu,643214
76,Kayyunni,643205
77,Kengarai,643217
78,Kenthorai,643002
79,Ketti,643215
80,Ketti Palada,643215
81,Kil Kotagiri,643216
82,Kil Kotagiri bazaar,643271
83,Kil Kundah,643219
84,Kilinjada,643213
85,Kinnakorai,643219
86,Kodanad,643217
87,Koderi,643213
88,Kokkal,643005
89,Kolapalli,643253
90,Kollimalai Oranalli,643215
91,Konavakorai,643217
92,Konnachal,643239
93,Korakundah,643219
94,Kotada Estate,643236
95,Kotagiri,643217
96,Kotagiri Bazaar,643217
97,Kukkalthorai,643217
98,Kullakamby,643218
99,Kundah Bridge,643219
100,Kunjapanai,643242
101,Kunnalady,643241
102,Kuruthukuli,643004
103,Lauriston,643211
104,Lovedale,643003
105,M.Palada,643004
106,Machikolli,643211
107,Mangorange,643220
108,Manihatti,643003
109,Manjacombai Bazaar,643221
110,Manjoor,643219
111,Marthoma Nagar,643211
112,Masakkal,643217
113,Masinagudi,643223
114,Mavanahalla,643223
115,Mayfield,643207
116,Melur Nilgiris,643221
117,Milidane,643217
118,Moyarcamp,643223
119,Mudugula,643003
120,Mudumalai Sanctuary,643211
121,Mulligoor,643209
122,Mullikorai,643004
123,Munnanad,643239
124,Muthorai,643004
125,Nadugani,643211
126,Naduvattam,643224
127,Nandatti,643212
128,Nanjanad,643004
129,Nedugula,643217
130,Nellakotta,643225
131,Newhope,643226
132,Nihung,643217
133,Nonsuch,643238
134,Nunthala,643003
135,Ottupattarai,643105
136,Padanthorai,643211
137,Pandalur,643233
138,Parsons Valley,643004
139,Pasteur Institute,643103
140,Pattavayal,643240
141,Pegumbahalla Camp,643219
142,Periashola,643228
143,Pilloormattam,643238
144,Prospect,643224
145,Puliampara,643212
146,Pykaradam,643237
147,Rockwood Estate,643225
148,Sandynallah,643237
149,Seaforth,643228
150,Shanthur,643215
151,Sholur,643005
152,Singara,643223
153,Sogathorai,643102
154,Springfield,643104
155,Sree Madurai,643212
156,St Josephs college,643102
157,St Marys hill,643001
158,Stone House hill,643002
159,T Mynalai,643002
160,T R bazaar,643224
161,T.Manihatty,643214
162,Thalakundah,643005
163,Thangadu Oranali,643003
164,Thiashoa,643230
165,Thoraihatty,643206
166,Thorapalli,643211
167,Thummanatti,643002
168,Thuneri,643002
169,Thuthurmattam,643218
170,Tuttapallam,643242
171,Udagamandalam,643001
172,Udagamandalam Market,643001
173,Udagamandalam Race course,643001
174,Uppatti,643241
175,Vannarpet,643102
176,Welbeck Estate,643003
177,Wellington,643231
178,Wellington Bazaar,643232
179,Yedakadu,643282
180,Yedappalli,643104
181,Yellamalai,643228
182,Yellanhalli,643243
