SNO,Location,Pincode
1,A.Mettur,621103
2,Adaikkampatti,621118
3,Adhanur,621708
4,Agaramsigur,621108
5,Alambadi,621107
6,Alathur Gate,621109
7,Allinagaram,621713
8,Ammapalayam,621101
9,Andikurumbalur,621717
10,Annamangalam,621102
11,Anukkur,621219
12,Aranarai,621212
13,Arasalur,621102
14,Arumbavur,621103
15,Asoor,621708
16,Athiyur,621108
17,Ayikudi,621115
18,Ayilur,621113
19,Bommanapadi,621104
20,Brammadesam,621115
21,C.Mavilingai,621104
22,Chathiramanai,621104
23,Chettikulam,621104
24,Elambalur,621212
25,Elumur,621115
26,Eraiyur,621133
27,Fathimapuram,621115
28,Garudamangalam,621106
29,Gudalur,621713
30,Ilandaikuli,621708
31,Iluppaikudi,621713
32,Kadambur,621110
33,Kadur,621716
34,Kaikalathur,621117
35,Kalarampatti,621101
36,Kalpadi,621113
37,Kannapadi,621114
38,Karai,621109
39,Karianur,621117
40,Kilakanavai,621104
41,Kilamathur,621713
42,Kilaperambalur,621716
43,Kilapuliyur,621115
44,Kilumathur,621717
45,Kolakkanatham,621106
46,Kolathur,621106
47,Koneripalayam,621212
48,Koothur,621713
49,Krishnapuram,621116
50,Kunnam,621708
51,Kurumbalur,621107
52,Kurumbapalayam,621708
53,Labbaikudikadu,621108
54,Ladapuram,621121
55,Madanagopalapuram,621212
56,Manakkal (ariyalur),621713
57,Maruvathur-ariyalur,621708
58,Melamathur,621708
59,Melapuliyur,621101
60,Methal,621653
61,Moongilpadi,621708
62,Murukkankudi,621133
63,Nakkasalem,621118
64,Nallarikkai,621716
65,Namangunam,621716
66,Nannai,621717
67,Naranamangalam,621126
68,Nattarmangalam,621104
69,Neikuppai,621116
70,Nerkunam,621117
71,Nochiam,621212
72,Nochikulam,621713
73,Nuthapur,621117
74,Odhiyam,621708
75,Ogalur,621108
76,Olaipadi,621717
77,Ootathur,621109
78,P.Mettupalayam,621115
79,Padalur,621109
80,Palayam,621107
81,Panampatti,621103
82,Pandagapadi,621117
83,Paravai,621717
84,Pasumbalur,621117
85,Pennakonam,621108
86,Peraiyur,621117
87,Perali,621708
88,Perambalur,621212
89,Periyammapalayam,621110
90,Periyavenmani,621704
91,Perumathur,621717
92,Pilimisai,621713
93,Pillankulam,621117
94,Pimbalur,621117
95,Poolambadi,621110
96,Puduammapalayam,621118
97,Puduattur,621101
98,Pudunaduvalur,621212
99,Puduvettakudi,621716
100,Ranjankudi,621115
101,S.Aduthurai,621108
102,Sathanur,621106
103,Seedevimangalam,621109
104,Sengonam,621220
105,Senjeri,621107
106,Siruganpur,621113
107,Sirukudal,621115
108,Sirumathur,621133
109,Siruvachur,621113
110,Siruvayalur,621118
111,Sithali,621708
112,T.Kalathur,621114
113,Tenur,621114
114,Thaluthalai,621103
115,Therani,621109
116,Thevaiyur,621115
117,Thirumanthurai,621108
118,Thiruvalandurai,621117
119,Thondamandurai,621103
120,Thondapadi,621116
121,Thoramangalam,621220
122,Tirupayar,621107
123,Tungapuram,621716
124,V.Kalathur,621117
125,Vadakkalur,621108
126,Vadakkumadevi,621219
127,Vaithiyanathapuram,621717
128,Valikondapuram,621115
129,Varagupadi,621113
130,Varagur,621708
131,Vasistapuram,621716
132,Vayalapadi,621716
133,Vayalur,621716
134,Vembavur,621116
135,Vengalam,621103
136,Venganur,621116
137,Veppanthattai,621116
138,Veppur,621717
139,Viralipattipudur,621118
140,Viswagudi,621102
141,Yesanai,621219
