SNO,Location,Pincode
1,Aambukoil,622302
2,Adambur,614629
3,Adanakottai,622203
4,Aharapatti,622003
5,Akkachipatti,613301
6,Alangudi,622301
7,Alavayal,622401
8,Alinjiyendal,614618
9,Aliyanilai,614616
10,Amaradakki,614618
11,Amarasimhendrapuram,614805
12,Ambalpuram,622005
13,Ammachatram,622504
14,Ammapattinam,614617
15,Anavayal,622304
16,Andakulam,622203
17,Annavasal,622101
18,Arantangi,614616
19,Arantangi Fort,614616
20,Arasamalai,622402
21,Arasanagaripattinam,614621
22,Arasarkulam,614801
23,Arayapatti,614622
24,Arimalam,622201
25,Arputhapuram,622506
26,Athankaraipatti,614902
27,Athanur,622503
28,Attangudi,622003
29,Attani,614630
30,Avanathankottai,614624
31,Avur,622515
32,Ayingudi,614801
33,Bayamariyanendal,614619
34,Bhuvaneswarinagar,622001
35,Bramanavayal,614630
36,Cauvery Nagar,622501
37,Chidambaraviduthi,614622
38,Chittannavasal,622101
39,Chockanathapatti,622203
40,Edaiyathur,614616
41,Edayathimangalam,614620
42,Eganivayal,614616
43,Ennai,622102
44,Erasanayakkanpatti,621316
45,Erukkalakkottai,614624
46,Ganapathipuram,622203
47,Gandarvakottai,613301
48,Gandhinagar,622001
49,Ganesh Nagar,622001
50,Gudalur,622412
51,Hirudayapuram,622505
52,Idaiyathur,622002
53,Idaiyur,614629
54,Illuppur,622102
55,Irandirapatti,622102
56,Irumbanadu,622204
57,Jegathapattinam,614619
58,K.Rasiamangalam,622301
59,Kadampatti,622302
60,Kadayakudi,622003
61,Kadukkakadu,622304
62,Kaikurichi,622303
63,Kalabam,614629
64,Kalamavur,622502
65,Kallakottai,622302
66,Kallur-kilanilai,622209
67,Kammangadu,614616
68,Kanadu,614621
69,Kannangudi,622504
70,Kannanur,622409
71,Karaikottai,614630
72,Karaiyur,622002
73,Karakathikottai,614619
74,Karambakudi,622302
75,Karukkakurichi,622302
76,Karuvur,622204
77,Kasimpudupet,614624
78,Kattubawa Pallivasal,622503
79,Kattumavadi,614630
80,Keeramangalam,614624
81,Keeranur,622502
82,Keerathur,622302
83,Kesarapatti,622411
84,Kilaiyur,622502
85,Kilakurichi,622101
86,Kilanilai,622202
87,Kilanilai-rayavaram,622209
88,Kilanilaikottai,622209
89,Kilapanaiyur,622201
90,Kilathaniyam,622002
91,Kilikudi,622102
92,Killanur,622203
93,Killukkottai,622502
94,Kodivayal,614805
95,Kodumbalur,621316
96,Komapuram,613301
97,Konapet,622503
98,Kongudi,622202
99,Koppanapatti,622401
100,Kothakottai,622303
101,Kothamangalam,614624
102,Kothirapatti,622102
103,Kottaikadu,622304
104,Kottaipattinam,614619
105,Kottur,622404
106,Kovilur (gandarvakottai),613301
107,Kovilur Alangudi,622301
108,Krishnajipattinam,614630
109,Kudimianmalai,622104
110,Kulamangalam,622404
111,Kulandiranpattu,622302
112,Kulathupatti,622507
113,Kulathur,622504
114,Kulathur Kli,622202
115,Kulavaipatti,622201
116,Kulipirai,622402
117,Kummangudi,622202
118,Kummangulam,622301
119,Kundagavayal,614616
120,Kunnandarkoil,622502
121,Kunnathur,621316
122,Kuppakudi,622301
123,Kurumbur,614622
124,Kurungalur,622204
125,Kuruvikondanpatti,622409
126,L.N.puram,614616
127,Lembalakudi,622412
128,Letchumanapatti,622502
129,Machuvadi,622001
130,Madianallur,622101
131,Malaikudipatti,622102
132,Malaiyur,622301
133,Manalur,614620
134,Manamelkudii,614620
135,Manaviduthi,622203
136,Mandaiyur,622515
137,Mangadu,622304
138,Mangalanadu,614805
139,Manganur,613301
140,Mangottai,622301
141,Mangudi,622101
142,Maramadakki,614622
143,Maravamadurai,622002
144,Marudakonviduthi,622302
145,Mathur,622515
146,Mathur Ind. estate,622515
147,Mattangal,613301
148,Melamelanilai,622401
149,Melanilaivayal,622202
150,Melapanaiyur,622412
151,Melapattu,614616
152,Melasivapuri,622403
153,Melathaniyam,622002
154,Memangalam,614616
155,Meppopdakudi,621316
156,Merpanaikadu,614624
157,Merpanaikadu West,614624
158,Mimisal,614621
159,Minaveli,621305
160,Minnathur,622203
161,Mirattunilai,622201
162,Mohanur,613301
163,Muckanamalaipatti,622103
164,Mudalipatti,622409
165,Mullaiyur,621316
166,Mullankurichi,622304
167,Mullur,622004
168,Muslim Street,614616
169,Muthukuda,614621
170,N.Shanmuganathapuri,622503
171,Nachandupatti,622404
172,Nagaram,614624
173,Nagarapatti,622401
174,Nakkudi,614616
175,Nallur,622002
176,Namanasamudram,622422
177,Nanjur,622502
178,Narthamalai,622101
179,Nattanipurasakudi,614621
180,Nedungudi,622209
181,Neduvasal,622304
182,Neerpalani,622515
183,Odayalipatti,622502
184,Odugampatti,622502
185,Odukkur,622504
186,Okkur Perunthamarai,622204
187,Oliyamangalam,621308
188,Oonaiyur,622505
189,Oonangudi,622201
190,P.Alagapuri,622503
191,Padirakudi,614629
192,Palayanerinjikudi,622002
193,Palayavanam,614622
194,Pallathividuthi,622301
195,Pallavarampatti,622302
196,Panangudi,622505
197,Panangulam,614624
198,Panayapaatti,622406
199,Pandipathiram,614618
200,Panjatti,614616
201,Parambur,622104
202,Pathampatti,622301
203,Peraiyur,622422
204,Perambur,621316
205,Periyalur,614624
206,Perumarudur,614618
207,Perunavalur,614618
208,Perungalur,622203
209,Perungudi,622506
210,Perunjinai,622002
211,Pilaviduthi,622302
212,Pilivalam,622507
213,Pillaithannirpandal,622001
214,Ponbethi,614629
215,Ponnamaravathy,622407
216,Ponnanviduthi,622301
217,Poovaimanagar,614624
218,Poovalur,614618
219,Poovarasakudi,622303
220,Poovathakudi,614624
221,Poruvai,621316
222,Poyyadanallur,614621
223,Pudukkottaai East,622001
224,Pudukkottai,622001
225,Pudukkottai Bus stand,622001
226,Pudukkottai Collectrate,622005
227,Pudukkottai Ind. estate,622004
228,Pudukkottai Pub offices,622001
229,Pudukkottaividuthi,622301
230,Pudunagar,613301
231,Pudupatti,622408
232,Pudur-pdk,622103
233,Puduvakottai,614616
234,Puliyur,622504
235,Pullanviduthi,622304
236,Pulvayal,622104
237,Puthambur,622501
238,"R,palakurichi",622407
239,Raghunathapuram,622302
240,Rajagiri,621316
241,Rajagopalapuram,622003
242,Rajakulathur,622501
243,Rajapatti,622004
244,Ramachandrapuram,622505
245,Rangiem,622409
246,Rappusal,622102
247,Rarapuram,622404
248,Rasalipatti,621312
249,Ratnakottai,614616
250,Rayavaram,622506
251,Sadayampatti,622002
252,Sambattividuthi,622301
253,Santhanathapuram,622001
254,Satyamangalam,622501
255,Selliampatti,622403
256,Semboodi,622401
257,Sengalur,622502
258,Sengirai,622506
259,Sevalur,622402
260,Silattur,614622
261,Singavanam,614630
262,Sipcot-pdk,622002
263,Sithakoor,622204
264,Sivapuram,622422
265,Sooranviduthi,622301
266,Srinivasanagar,622502
267,Subramaniapuram,614805
268,Sunayakadu,614622
269,Sundampatti,613301
270,Sundaram,622402
271,Talanur,614621
272,Thachankurichi,613301
273,Thanjur-tym,622201
274,Thanthani,614622
275,Thekkattur,622506
276,Themmavur,622203
277,Thengaithinnipatti,621316
278,Thenur,622401
279,Theravur,621316
280,Thiruppunavasal,614629
281,Thiyathur,614629
282,Thodaiyur,622501
283,Thondaimanendal,614616
284,Thondamanallur,622515
285,Thulayanur,622507
286,Tirugokarnam,622002
287,Tirukkalambur,622403
288,Tirukkattalai,622303
289,Tirumalairayapuram,622504
290,Tirumananjeri,622302
291,Tirumayam,622507
292,Tirunalur,614624
293,Tirupperunthurai,614618
294,Tiruppur,622502
295,Tiruvappur,622003
296,Tiruvarankulam,622303
297,Tuvar,622301
298,Unaiyur,622102
299,Uppiliyakudi,622504
300,Uthkuli,622102
301,V.Lakshmipuram,622412
302,Vadakadu,622304
303,Vadakattupatti,622202
304,Vadavalam,622004
305,Vaithur,622203
306,Valamangalam,622504
307,Valaramanickam,622202
308,Valavampatti,613301
309,Valayapatti,622411
310,Vallathirakottai,622303
311,Vallavari,614801
312,Vamban,622303
313,Vamban Colony,622303
314,Vambarampatti,622209
315,Vanakkankadu,622304
316,Vanniampatti,622003
317,Varappur,622203
318,Varpattu,622403
319,Vathanakottai,622203
320,Vayalogam,622104
321,Veeramangalam,614616
322,Veerapatti,622103
323,Vegupatti,622407
324,Veladipatti,613301
325,Vellalaviduthi,613301
326,Vellanur,622501
327,Vellore,614620
328,Velur,621316
329,Vembanpatti,613301
330,Vembanur,622102
331,Venkatakulam,622303
332,Vennavalkudi,622201
333,Venthan Patti,622419
334,Vettanur,614630
335,Vichchur,614617
336,Vilanur,614618
337,Vilapatti,622504
338,Vilathupatti,622101
339,Virachilai,622412
340,Viralimalai,621316
341,Viralur,621316
342,Yembal,622204
