SNO,Location,Pincode
1,Abiramam,623601
2,Achangulam,623601
3,Achunthanvayal,623502
4,Akkamadam,623521
5,Akkiramesi,623705
6,Alagankulam,623512
7,Alanganoor,623712
8,Anaiyur,623601
9,Anandur,623401
10,Andavoorani,623308
11,Anjukottai,623407
12,Appanur,623703
13,Ariyakudi,623527
14,Ariyanendal,623707
15,Ariyangundu,623529
16,Ariyankottai,623525
17,Arunoothimangalam,623538
18,Athankarai,623512
19,Athiyuhtu,623539
20,Athiyur,623407
21,Attangudi,623525
22,Avarendal,623525
23,Ayinkudi,623401
24,Bharathinagar (pmk),623707
25,Bharathinagar (rmn),623503
26,Bogalur,623527
27,Chathirakudi,623527
28,Chathurvethamangalam,623705
29,Chinnakadai,623707
30,Chinnakeeramangalam,623402
31,Chitharkottai,623513
32,Chithoor,623502
33,Chithrankudi,623704
34,Devipattinam,623514
35,Devipattinam South,623514
36,Devipattinam West,623514
37,Ekkakudi,623807
38,Eluvanur,623605
39,Emaneswaram,623701
40,Ervadi,623515
41,Ervadi Dargha,623566
42,Ettivayal,623527
43,Gangaikondan,623705
44,Gopalapattinam,623705
45,Govindamangalam,623401
46,Gudalur,623538
47,Idambadal,623515
48,Idivilagi,623115
49,Ilanjembur,623704
50,Indo Norvegian project,623518
51,Irudhayapuram,623525
52,Irumeni,623516
53,K.Veppankulam,623115
54,Kadaladi,623703
55,Kadamangalam,623115
56,Kadugusandai,623703
57,Kadukkavalasai,623516
58,Kakkur,623711
59,Kalaiyur,623712
60,Kalari,623533
61,Kalimangundu,623523
62,Kalladithidal,623401
63,Kalugoorani,623536
64,Kamankottai,623527
65,Kamudakudi,623719
66,Kamudi,623603
67,Kamudi Town,623603
68,Kanjirangudi,623517
69,Kannirajapuram,623135
70,Karadarnthakudi,623705
71,Karankadu,623403
72,Karkathakudi,623538
73,Karumal,623711
74,Kattoorani,623504
75,Kattuparamakudi,623707
76,Kavadipatti,623603
77,Kavalaivendran,623308
78,Kavanur,623525
79,Kavanur (tor),623530
80,Keeranur,623704
81,Kenikarai,623504
82,Kidathirukkai,623704
83,Kilakarai,623517
84,Kilakarai East,623517
85,Kilakarai South,623517
86,Kilakarai West,623517
87,Kilakidaram,623528
88,Kilakottai,623527
89,Kilamudimannarkottai,623603
90,Kilaperungarai,623608
91,Kilaramanithi,623603
92,Kilaselvanur,623703
93,Kilathooval,623706
94,Kiliyur,623530
95,Kokkarankottai,623115
96,Kokkurani,623538
97,Kombuthi,623517
98,Kombuthi (kmu),623603
99,Koodakulam,623605
100,Kookudi,623308
101,Kothiyarkottai,623531
102,Kottaimedu,623604
103,Kottakudi,623407
104,Kovilangulam,623603
105,Kulathur,623530
106,Kumbaram,623523
107,Kumbidumadurai,623517
108,Kunjankulam,623308
109,Kurumilangudi,623409
110,Kuruvadi,623120
111,Kuthakottai,623532
112,M M pattinam,623706
113,Madavanur,623514
114,Malapanaiyur,623538
115,Mallal,623533
116,Mandalamanickam,623605
117,Mandapam,623518
118,Mandapam Camp,623519
119,Mangalakudi,623308
120,Mangundu,623808
121,Marandai,623703
122,Marine Fisheries,623520
123,Marttiyarendal,623533
124,Marungoor,623406
125,Mayakulam,623515
126,Melakanniseri,623601
127,Melakavanur,623706
128,Melakidaram,623528
129,Melakodumalur,623601
130,Melakottai,623504
131,Melaperungarai,623608
132,Melapudukudi,623532
133,Melaselvanur,623703
134,Melasirupothu,623704
135,Melayakudi,623707
136,Mennanthi,623527
137,Methalodai,623532
138,Misal,623712
139,Mudaliarpudukulam,623120
140,Mudalur,623502
141,Mudukulathur,623704
142,Muhilthagam,623403
143,Mukkaiyur,623120
144,Mustakurichi,623603
145,Muthupettai,623523
146,Muthuvayal,623527
147,Mv Salt complex,623528
148,Nagachi,623534
149,Nagaram,623705
150,Nagaratharkurichi,623601
151,Nagarikathan,623404
152,Nainamaraickan,623523
153,Nainarkoil,623705
154,Nallirukkai,623533
155,Nallukurichi,623601
156,Nambuthalai,623403
157,Naranamangalam,623537
158,Narippaiyur,623135
159,Natham,623601
160,Nathamkulapatham,623517
161,Neeravikarisalkulam,623603
162,Nelmadur,623608
163,Nilamalagiamangalam,623315
164,Olaikuda,623526
165,Ooranikottai,623308
166,Oppilan,623703
167,Oriyur,623309
168,P.Kodikulam,623537
169,P.Sirahikottai,623705
170,Pakkuvetti,623604
171,Pamban,623521
172,Pambur,623706
173,Pammanendal,623115
174,Panaikulam,623522
175,Pananchayal,623315
176,Pandikanmoi,623707
177,Pandugudi,623404
178,Pannandai,623528
179,Paramakudi,623707
180,Paramakudi Bazaar,623707
181,Paramakudi Iti,623707
182,Paramakudi R s,623707
183,Parthibanur,623608
184,Pasipattinam,623409
185,Pasumpon,623604
186,Pattanamkathan,623503
187,Peraiyur,623708
188,Peravoor,623504
189,Periyakulam,623703
190,Periyapattinam,623523
191,Perumalthevanpatti,623603
192,Perunali,623115
193,Perungulam,623536
194,Peruvakottai,623308
195,Peruvayal,623513
196,Pidariseri,623608
197,Pillaiyarkulam,623120
198,Pirappanvalasai,623516
199,Pooseri,623711
200,Pothikulam,623704
201,Pottagavayal,623537
202,Pudukoil,623532
203,Pudukottai,623603
204,Pudukudi,623608
205,Pudumadam,623524
206,Pudupattinam,623403
207,Puduvalasai,623801
208,Pullangudi,623513
209,Punavasal,623601
210,Puthenthal,623502
211,Radhanur,623401
212,Rajasingamangalam,623525
213,Rajasooriyamadai,623504
214,Ramanathapuram,623501
215,Ramanathapuram Bazaar,623501
216,Ramanathapuram Bus stand,623504
217,Ramanathapuram Collectorate,623503
218,Ramanathapuram West,623501
219,Ramasamypatti,623603
220,Rameswaram,623526
221,Rameswaram East,623526
222,Rameswaram Housing board,623526
223,Rameswaram R s,623526
224,Rameswaram Road,623526
225,Ramnanathapuram Public offices,623501
226,Regunathapuram,623802
227,Rettaiyurani,623544
228,S.Kavanur,623706
229,S.Kodikulam,623527
230,S.Mariyur,623703
231,S.Tharaikudi,623135
232,Sadayanendal,623601
233,Sadayaneri,623704
234,Sakkarakottai,623504
235,Sambai,623531
236,Sambakulam,623706
237,Sanaveli,623538
238,Sathaksalai,623806
239,Sathankulam,623536
240,Sathanur (pmk),623706
241,Saveriyarpattinam,623538
242,Sayalgudi,623120
243,Sellur,623712
244,Sembidaiyarkulam,623536
245,Sembongudi,623712
246,Sengudi,623525
247,Senkottaipatti,623708
248,Sevalpatti,623135
249,Seyyamangalam,623601
250,Sholandur,623537
251,Sikkal,623528
252,Sirumalaikottai,623308
253,Siruvayal,623530
254,Sudiyur,623608
255,Sundaramudaiyan,623519
256,Sundarapandiapattinam,623406
257,Surankottai,623504
258,T. karungulam,623707
259,T.Mariyur,623703
260,T.Veppankulam,623120
261,Teriruveli,623711
262,Thaduthalankottai,623608
263,Thangachimadam,623529
264,Thelichathanallur,623707
265,Therkutharavai,623504
266,Thinaikulam,623532
267,Thinaiyathur,623407
268,Thiruppullani,623532
269,Thonithurai,623518
270,Thuthinatham,623115
271,Tirumalkanthankottai,623115
272,Tirupalaikudi,623531
273,Tiruvadanai,623407
274,Tiruvarangam,623712
275,Tiruvetriyur,623407
276,Tondi,623409
277,Toruvalur,623530
278,Uchinatham,623115
279,Uchipuli,623534
280,Ulaiyur,623712
281,Uppoor,623525
282,Urapuli,623707
283,Uthayakudi,623705
284,Uthirakosamangai,623533
285,Vadakkur,623704
286,Vairavanendal,623502
287,Valanadu,623527
288,Valanai,623401
289,Valantharavai,623536
290,Valasai,623527
291,Valayapukulam,623605
292,Valinokkam,623528
293,Vallakulam,623711
294,Vallam,623705
295,Vani,623536
296,Vannangundu,623523
297,Vattanam,623409
298,Vedalai,623804
299,Veerambal,623704
300,Velipattanam,623504
301,Vellariodai,623524
302,Vellayapuram,623315
303,Vendhoni,623707
304,Vengalur,623707
305,Venkittankurichi,623707
306,Vennirvaikkal,623704
307,Vettukulam,623525
308,Vilangulathur,623704
309,Vilathur,623707
