SNO,Location,Pincode
1,A.Komarapalayam,636117
2,A.N.mangalam,636106
3,A.Thalaiyur,637103
4,Achankuttapatti,636122
5,Adaiyur,636501
6,Adikarai,636204
7,Akkammapettai,637301
8,Akkarapalayam,636308
9,Alachampalayam,637101
10,Aladipatti,636122
11,Alagapuram,636004
12,Alagapurampudur,636016
13,Alathur,637303
14,Allikuttai,636003
15,Amaragundhi,636503
16,Amaram,636451
17,Ammampalayam,636141
18,Ammapalayam,636906
19,Ammapet,636003
20,Ammapet Bazaar,636003
21,Anaiyampatti,636105
22,Andikarai,636404
23,Andipatti,636307
24,Annadanapatti,636002
25,Anuppur,636139
26,Appamasamudram,636108
27,Aragalur,636101
28,Aranganur,636451
29,Aranoothumalai,636122
30,Arasanatham,636107
31,Arisipalayam,636009
32,Ariyampalayam,636119
33,Ariyanur,636308
34,Arurpatti,636502
35,Asambur,636602
36,Athanurpatti,636115
37,Attayampatti,637501
38,Attukaranur,636304
39,Atur,636102
40,Aturbazaar,636102
41,Ayodhiyapattinam,636103
42,Ayodhiyapattinam East,636103
43,Ayyamperumalpatti,636302
44,Ayyanthirumaligai,636008
45,Bairoji Agraharam,636308
46,Banapuram,636451
47,Belur,636104
48,Bodinaickenpatti,636307
49,Bommiampatti,636351
50,Boominaickenpatti,636304
51,Bukkampatti,636451
52,C.N.palayam,636104
53,C.P.valasu,636104
54,C.S.padi,636308
55,Cauvery Peak,636602
56,Chamrajpet,636451
57,Chellapillaikuttai,636304
58,Chendrayampalayam,636111
59,Chennagiri,637501
60,Chettichavadi,636012
61,Chettimankurichi,637101
62,Chettipatti,637101
63,Chinandipalayam,637103
64,Chinnagoundanur,637303
65,Chinnamanali,637410
66,Chinnanur,636122
67,Chinnasoragai,636502
68,Chinnathanda,636303
69,Chinnatirupathy,636008
70,Chittoor,637101
71,Chokkanathapuram,636108
72,D.Perumapalayam,636122
73,Dadagapatti,636006
74,Dadapuram,637105
75,Dadubaikuttai,636015
76,Dalavaipatti,636302
77,Danishpet,636354
78,Darapuram,636309
79,Dasanaickenpatti,636201
80,Dasavilakku,636306
81,Deevattipatti,636351
82,Devagoundanur,637301
83,Devendrapuram,636001
84,Deviyakurichi,636112
85,Dinnapatti,636303
86,Doramangalam,636501
87,Duddampatti,636306
88,E.Pethampatti,636203
89,Edanganasalai,637502
90,Edappadi,636105
91,Egapuram,637502
92,Elampillai,637502
93,Erakondampatti,636451
94,Erumaipatti,637102
95,Erumapalayam,636015
96,Fairlands,636016
97,Gajjalnaickenpatti,636201
98,Gandhinagar,636102
99,Gangavalli,636105
100,Gonur,636404
101,Gopalapuram,636107
102,Gorimedu,636008
103,Govindampalayam,636101
104,Govindapadi,636303
105,Govt. college of engg,636011
106,Gudalur,637103
107,Gugai,636006
108,Guttapatti,636453
109,Hasthampatti,636007
110,Idappadi,637101
111,Idappadi Bazaar,637101
112,Idayapatti,636114
113,Ilavampatti,636501
114,Iluppanatham,636116
115,Irugalur,637103
116,Iruppali,637101
117,Jagir Ammapalayam,636302
118,Jalakantapuram,636501
119,Jangammasamudram,636113
120,Jawahar Mills,636005
121,Jodukuli,636351
122,K.Morur,636354
123,K.Vadugapatti,637102
124,Kachakaranur,636005
125,Kachuppalli,637102
126,Kadambur,636105
127,Kadayampatti,636351
128,Kakkapalayam,637504
129,Kalarampatti,636107
130,Kaligoundampalayam,637103
131,Kalipatti,637501
132,Kallanatham,636141
133,Kalleripatti,636117
134,Kalpaganur,636109
135,Kalparapatti,637504
136,Kamakkapalayam,636112
137,Kamalapuram,636309
138,Kamaraj Nagar colony,636014
139,Kanakkampatti,636454
140,Kanavaipudur,636354
141,Kandampatti,636307
142,Kandarkulamanickam,637504
143,Kandashramam,636140
144,Kanjanaickenpatti,636305
145,Kannamoochi,636303
146,Kannanderi,637102
147,Kannankurichi,636008
148,Kannapadi,636354
149,Karadiyur,636602
150,Karipatti,636106
151,Kariyakoil,636138
152,Karukkalvadi,636013
153,Karumalaikudal,636403
154,Karumanthurai,636138
155,Karumapuram,637302
156,Karungallur,636303
157,Karungalpatti,636006
158,Karuppur,636012
159,Karuppureddiyur,636404
160,Karuvalli,636305
161,Kasthuripatti,637302
162,Kattukottai,636121
163,Kavandampatti,637101
164,Kavarpanai,636116
165,Kaveripatti,637104
166,Kaveripuram,636303
167,Keeraikadu,636601
168,Keeripatti,636107
169,Kethunaickenpattipudur,636354
170,Kitchipalayam,636015
171,Koil Puthur,636138
172,Kolanaickenpatti,636452
173,Kolathukombai,636139
174,Kolathur,636303
175,Kombuthooki,636601
176,Konanchettiyur,636104
177,Konasamudram,637102
178,Kondalampatti,636010
179,Kondappanaickenpatti,636008
180,Kondayampalli,636130
181,Koneripatti,637502
182,Konganapuram,637102
183,Kongupatti,636305
184,Konreddiyur,636351
185,Koonandiyur,636458
186,Kootathupatti,636139
187,Koothampalayam,637102
188,Koppampudur,636453
189,Koranampatti,637102
190,Kosavapatti,637502
191,Kottagoundampatti,636011
192,Kottaichedu,636601
193,Kottavadi,636115
194,Kozhikalnatham,637302
195,Krishnapuram,636105
196,Kudamalai,636105
197,Kullampatti,637101
198,Kullamudayanur,636453
199,Kunnur,636138
200,Kuppampatti,636501
201,Kuppanur,637301
202,Kuralnatham,636204
203,Kurichi,636104
204,Kurukkapatti,637101
205,Kurumbapatti,637105
206,Kurumbarur,636303
207,Laddivadi,636116
208,Leigh Bazaar,636009
209,M. perumapalayam,636111
210,M.Kalipatti,636453
211,M.Karipatti,636111
212,M.Pallipatti,636458
213,Mac Donalds choultry,637103
214,Madayankuttai,636452
215,Magnesite Mines,636302
216,Malliakarai,636107
217,Mallikundam,636458
218,Mallikuttai,636503
219,Mamangam,636302
220,Manathal,636503
221,Manathal Nallagoundampatti,636503
222,Mangalam,637501
223,Manivilundan,636121
224,Manivilundan Colony,636112
225,Maniyanur,636010
226,Maniyaragundam,636138
227,Manjakkalpatti,637301
228,Manjakuttai,636602
229,Manjini,636141
230,Manmalai,636110
231,Mannarpalayam Valapady,636115
232,Mannur,636114
233,Marakkadai,636004
234,Marakottai,636451
235,Maramangalam,636601
236,Maramangalathupatti,636030
237,Marapparai,637410
238,Maravaneri,636007
239,Masilapalayam,636452
240,Masinaickenpatti,636103
241,Mattukaranpudur,636305
242,Mattukaranur,636011
243,Mavelipalayam,637301
244,Mayambadi,636105
245,Mecheri,636453
246,Melthombai,636107
247,Mettankadu,637104
248,Mettu Street,636001
249,Mettupatti,636455
250,Mettupatti Tadanur,636103
251,Mettur Thermal project,636406
252,Metturdam,636401
253,Metturdam North,636401
254,Metturdam Rs,636402
255,Metturdam South,636001
256,Meyyanur,636004
257,Minnampalli,636106
258,Mohan Nagar,636030
259,Mookuthipalayam,636203
260,Moongilerichettipatti,636455
261,Moongilpadi,636012
262,Morasapatti,637101
263,Morur,637304
264,Mothaiyanur,637303
265,Mukkanur,636351
266,Mulakadu,636452
267,Mullur,636203
268,Mulluvadi,636141
269,Muluvi,636602
270,Murungapatti,636307
271,Muthampatti,636111
272,Muthunaickenpatti,636304
273,Nadupatti,636351
274,Naduvalur,636105
275,Naduvaneri,637504
276,Nagalur,636602
277,Nagiampatti,636113
278,Nagichettipatti,637302
279,Naickenpatti,636307
280,Nalikalpatti,636201
281,Nallagoundampalayam,636304
282,Nangavalli,636454
283,Narasingapuram,636108
284,Narayananagar,636015
285,Naripadi,636105
286,Nariyanur,636458
287,Nattamangalam,636010
288,Navakurichi,636112
289,Navalur,636116
290,Navapatti,636452
291,Nedunchalai Nagar,636005
292,Nedunkulam,637107
293,Neikkarapatti,636010
294,Nethimedu,636002
295,Neyyamalai,636114
296,Nilavarapatti,636201
297,Nirmullikuttai,636139
298,Odayapatti,636140
299,Odiyathur,636105
300,Okkilipaltti,637107
301,Olaipatti,636455
302,Olakkachinnanur,637102
303,Olapadi,636109
304,Omalur,636455
305,Omalur Cutcherry,636455
306,Omalur North,636455
307,Ondikadai,636602
308,P.Mettur,636203
309,P.S.padi,636308
310,Pachanampatti,636455
311,Pagadupattu,636138
312,Paithur,636141
313,Pakalpatti,636304
314,Pakkanadu,636501
315,Palakadu,636601
316,Palamalai Hills,636303
317,Palaniyapuri,636108
318,Pallapatti,636009
319,Pallipatti,636122
320,Panaimadal,636117
321,Panamarathupatti,636204
322,Panankattur,636455
323,Pannapatti,636305
324,Pannavadi,636303
325,Pappampadi,636306
326,Pappanaickenpatti,636114
327,Papparapatti,637501
328,Parapatti,636203
329,Parapatti Mannarpalayam,636008
330,Pattipadi,636601
331,Pattuthurai,636112
332,Pavalathanur,636502
333,Peramanur,636007
334,Periakadampatti,636502
335,Periakrishnapuram,636115
336,Periapatti,636309
337,Periasathapadi,636451
338,Periasoragai,636502
339,Periavadugampatti,636354
340,Periavanavasi,636457
341,Periyagoundapuram,636106
342,Periyakuttimaduvu,636104
343,Periyeri,636101
344,Periyeripatti,636503
345,Perumagoudampatti,637502
346,Perumampatti,636307
347,Pethanaickenpalayam,636109
348,Piliyur,636602
349,Ponnammapet,636001
350,Ponnarampatti,636115
351,Poolampatti,637107
352,Poolavari Agraharam,636010
353,Poosaripatti,636305
354,Poovanur,636122
355,Pottaneri,636453
356,Pottipuram,636309
357,Pudupalayam,636306
358,Pudupatti,636407
359,Pudupet,636141
360,Pudusampalli,636403
361,Puliyankurichi,636101
362,Puluthikuttai,636104
363,Punavasal,636116
364,Pungavadi,636141
365,Puthiragoundampalayam,636119
366,Puthumariamman Koil,636003
367,Puthur,636601
368,R.Komarapalayam,636203
369,Rajapalayam,637501
370,Rajapalayam East,636116
371,Rakkipatti,637504
372,Ramalingapuram,636106
373,Ramamurthinagar,636354
374,Raman Nagar,636403
375,Ramanaickenpalayam,636108
376,Ramanathapuram,636104
377,Ramireddipatti,636501
378,Rangampalayam,637102
379,Reddipatti,637102
380,S.Attayampatti,636203
381,S.N.mangalam,636106
382,Sadasivapuram,636121
383,Salem,636001
384,Salem A.r. lines,636007
385,Salem Bazaar,636001
386,Salem Camp,636456
387,Salem Collectorate,636001
388,Salem Dt. court buildings,636007
389,Salem Dt.board buildings,636001
390,Salem East,636001
391,Salem Extension,636007
392,Salem Fort,636001
393,Salem North,636007
394,Salem Pension lines,636006
395,Salem Second agraharam,636001
396,Salem South,636006
397,Salem Steel plant,636013
398,Saminaickenpatti,636011
399,Samiyampalayam,638183
400,Samudram,636306
401,Sanarapatti,636457
402,Sandaipettai,636010
403,Sanjeevarayanpettai,636006
404,Sankari West,637303
405,Sankaridrug,637301
406,Sankaridrug East,637301
407,Sankaridrug Rs,637302
408,Sanniyasigundu,636015
409,Sanniyasipatti Agraharam,637303
410,Sarkar Kollapatti,636030
411,Sarkaraichettipatti,636305
412,Sarkkapillaiyur,636305
413,Sarvoy,636121
414,Sathapadi,636121
415,Savariyarpalayam,636303
416,Savariyur,636501
417,Seelanaickenpatti,636201
418,Seeliampatti,636107
419,Sekkadipatti,636104
420,Selavadai,636501
421,Semmanatham,636602
422,Semmandapatti,636309
423,Semmankudal,636304
424,Sendarapatti,636110
425,Sengadu,636601
426,Seshanchavadi,636111
427,Settiyur,636303
428,Sheepfarm,636112
429,Shenbagamadevi,637501
430,Shevapet,636002
431,Shevapet Bazaar,636002
432,Shevaroy Mines,636602
433,Sikkanampatti,636309
434,Singipuram,636115
435,Singiripatti,636303
436,Sinnappampatti,636306
437,Siruvachur,636112
438,Sitheri,636101
439,Sittampatti,636138
440,Sivadapuram,636307
441,Soolankurichi,636138
442,Sukkampatti,636122
443,Sundamettupudur,637102
444,Suramangalam,636005
445,Suramangalam Railway colony,636005
446,Surapalli,636501
447,Swaminathapuram,636009
448,T.Konagapadi,636502
449,Tadampatti,636014
450,Tagarapudur,636110
451,Talaivasal,636112
452,Teppakuttai,637502
453,Thalaisolai,636601
454,Thamaiyanur,636115
455,Thammampatti,636113
456,Thammanaickenpatti,636010
457,Thandanur,636117
458,Thandavarayapuram,636108
459,Thangamapuripattinam,636402
460,Thangayur,637102
461,Tharamangalam,636502
462,Tharkadusundarapuram,636303
463,Thathiengarpatti,636012
464,Thedavur,636116
465,Thekkampattu,636138
466,Thenkumarai,636121
467,Thettigiripatti,636451
468,Thevur,637104
469,Thillainagar,636001
470,Thinnapatti,636305
471,Thirumalagiri,636307
472,Thiyaganur,636101
473,Tholasampatti,636503
474,Thukkiampalayam,636115
475,Thumbal,636114
476,Thumbalpatti,636204
477,Thumbipadi,636305
478,Tippampatti,636204
479,Tirumangalam,637302
480,Udayarpalayam,636113
481,Ulipuram,636118
482,Umayapuram,636119
483,Umbilickampatti,636351
484,Unathur,636112
485,Uthamasolapuram,636010
486,V.Kongarapatti,636351
487,Vadachennimalai,636121
488,Vadugapatti,637301
489,Vaidhyagoundampudur,636115
490,Vaikuntham,637103
491,Valapady,636115
492,Valasaiyur,636122
493,Valayakaranur,638183
494,Valayamadevi,636121
495,Vanavasi,636457
496,Varagur,636112
497,Vattakadu,636012
498,Vazhakombai,636113
499,Vazhavandhi,636601
500,Veerachipalayam,637303
501,Veeragoundanur,636119
502,Veerakkal,636454
503,Veeranam,636122
504,Veerapandi,636308
505,Veerappampalayam,637105
506,Velampatti,636139
507,Vellaiyampalayam,637103
508,Vellaiyur,636116
509,Vellakadai,636602
510,Vellalagundam,636111
511,Vellalapatti,636012
512,Vellandivalasai,637105
513,Vellar,636451
514,Vellarinaickenpalayam,637101
515,Vellarivalli,637101
516,Velur,636601
517,Vembadithalam,637504
518,Vembaneri,637105
519,Vengipalayam,637304
520,Veppadi,621110
521,Veppampoondi,636101
522,Vilaripalayam,636115
523,Vinayagapuram,636102
524,Viraganur,636116
525,Virudasampatti,636453
526,West Rajapalayam,636115
527,Yercaud,636601
528,Yethapur,636117
