SNO,Location,Pincode
1,A.Karungulam,630321
2,A.Mukkulam,630611
3,A.Siruvayal,630305
4,A.Thekkur,630201
5,Ac.School,630107
6,Ae.College,630004
7,Akkavayal,630713
8,Alagamanagiri,630553
9,Alagappapuram,630003
10,Alagapuri,630556
11,Alampatti,630211
12,Alangudi,630307
13,Alavakottai,630553
14,Alavidangan,630713
15,Alimadurai,623701
16,Allinagaram,630611
17,Amaravathipudur,630301
18,Andichoorani,630551
19,Arakottai,630303
20,Aralikottai,630566
21,Ariyakudi,630202
22,Ariyandipuram,630702
23,Arumuganagar,630211
24,Athapadakki,630561
25,Athikaram,630207
26,Attangudi,630101
27,Avanipatti,630205
28,Ayyapatti,630211
29,Bhramanampatti,630210
30,Bosenagar,630561
31,Cvmangalam,630501
32,Cecri Campus,630006
33,Chettinad,630102
34,Chinnakannanur,630606
35,Chockalingampudur,630101
36,Chockanathapuram,630313
37,Devakottai,630302
38,Devakottai Extension,630303
39,Devakottai Palace,630302
40,Devakottai Road,630005
41,Devakottai South,630302
42,Devakottai West,630302
43,Dharmapatti,630309
44,Eluvankottai,630303
45,Enathi,630561
46,Eriyur,630566
47,Hanumanthagudi,630303
48,Idaikattur,630602
49,Idayamelur,630562
50,Ilayangudi,630702
51,Ilayangudi West,630702
52,Ilayathakudi,630205
53,Illuppakudi,630202
54,Indankulam,630709
55,Iraniyur,630212
56,Jawahar Bazaar,630561
57,Jayankondan,630108
58,K.Alagapuri,630106
59,K.Sukkanurani,630551
60,Kalagathankottai,630710
61,Kalakanmoi,630555
62,Kalappur,630501
63,Kalayarkoil,630551
64,Kalayarmangalam,630557
65,Kallal,630305
66,Kallampatti,630501
67,Kallukatti,630001
68,Kallupatti,630306
69,Kallurani,630559
70,Kalugarkadai,630611
71,Kambanur,630207
72,Kanadukathan,630103
73,Kandadevi,630314
74,Kandani,630561
75,Kandanur,630104
76,Kandanurperumalkoil,630104
77,Kandavarayanpatti,630203
78,Kandramanickam,630204
79,Kanjirangal,630562
80,Kannamangalam,630709
81,Kannamangalapatti,630502
82,Kannangudi,630318
83,Kannar Street,630606
84,Kanur,630610
85,Karaikudi,630001
86,Karaikudi Angadi,630001
87,Karaikudi Southstreet,630002
88,Karaiyur,630211
89,Karisalpatti,630309
90,Karkalathur,623402
91,Karudavurani,630302
92,Karunchutti,630702
93,Kattambur,630210
94,Kattanipatti,630553
95,Kattanur,630610
96,Kattikulam,630609
97,Kattukudipatti,630410
98,Kavathugudi,630408
99,Keeladi,630611
100,Keelakottai,630313
101,Keelauchani,630408
102,Keelayur,630702
103,Kilamelgudi,630606
104,Kilapasalai,630606
105,Kilapungudi,630552
106,Kilasevalpatti,630205
107,Kilavayal,630410
108,Kiliyur,630312
109,Kirungakottai,630502
110,Konnapanendal,623701
111,Konnathanpatti,630405
112,Konthagai North,630611
113,Koothandam,630561
114,Koratti,630206
115,Kothamangalam,630105
116,Kothangulam,630610
117,Kottaiyiruppu,630211
118,Kottaiyur,630106
119,Kovilur,630307
120,Kulathupatti,621308
121,Kumarakurichi,623701
122,Kumaravelur,630405
123,Kunnakudi,630206
124,Kurunthampattu,630305
125,Kuthalur,630307
126,Ladanendal,630611
127,Lakshmipuram,630105
128,M.Pudur,630210
129,Madagupatti,630553
130,Mahibalanpatti,630203
131,Malampatti,630562
132,Mallakottai,630566
133,Managiri,630307
134,Manalur,630611
135,Manamadurai,630606
136,Manamadurai Rs,630606
137,Manamadurai Town,630606
138,Mandakudipatti,630410
139,Mangalam,630554
140,Marakathur,630551
141,Maranadu,630610
142,Maviduthikottai,630303
143,Melamarungur,630554
144,Melapasalai,630606
145,Melapatti,630502
146,Melapidavur,630606
147,Melarangiam,630611
148,Melaseithur,630709
149,Melayur,630702
150,Milaganoor,630609
151,Mitravayal,630108
152,Mudikandam,630561
153,Mudikarai,630551
154,Munaivendri,623701
155,Muppaiyur,623402
156,Muraiyur,630505
157,Musundapatti,630309
158,Muthanendhal,630602
159,Mutharasan,630559
160,Muthupatti,630561
161,Muthupattinam,630001
162,Muthur,630556
163,Nachiapuram,630207
164,Naduvikottai,630204
165,Nagamuguthangudi,630709
166,Nagarampatti,630558
167,Nalukottai,630557
168,Namanur,630553
169,Natarajapuram,630555
170,Nattarasankottai,630556
171,Nedumaram,630211
172,Neduvayal,630410
173,Neivayal,630312
174,Nemathanpatti,630103
175,Nerkuppai,630405
176,Nettur,630702
177,North Andakudi,630702
178,O.Siruvayal,630208
179,Okkur,630557
180,Orikottai,623402
181,P.Karungulam,630204
182,Padamathur,630561
183,Padathanpatti,630305
184,Paganeri,630558
185,Pahaianchan,630554
186,Palavangudi,630208
187,Palayanur,630610
188,Pallathur,630107
189,Pallathur North,630107
190,Pallithammam,630551
191,Panangudi,630556
192,Paruthikanmoi,630551
193,Patharakudi,630307
194,Pattamangalam,630310
195,Pavanakottai,630311
196,Peerkalaikadu,630108
197,Periakottai,630559
198,Periyakannanur,630561
199,Periyakarai,630311
200,Pilar,630305
201,Pillayarpatti,630207
202,Pillur,630561
203,Piramanur,630611
204,Piranmalai,630502
205,Piranpatti,630309
206,Poovanthi,630611
207,Pottapalayam,630611
208,Pudur Ilayangudi,630709
209,Puduvayal,630108
210,Pulankurichi,630413
211,Pulikanmoi,630551
212,Puliyadithammam,630405
213,Puliyal,630312
214,Puludipatti,630309
215,Pulvoikarai,630611
216,Rajagambiram,630609
217,Rajani,630713
218,Ranasingapuram,630211
219,Regunathamadai,623701
220,S.Karaikudi,630606
221,S.S.kottai,630211
222,Sakkandhi,630562
223,Sakkavayal,630108
224,Sakkottai,630108
225,Sakkur,630713
226,Salaigramam,630710
227,Salur,630562
228,Samudram,630710
229,Sarakanei,630405
230,Sathani,630710
231,Satharasankottai,630561
232,Satharasanpatti,630555
233,Saveriarpattinam,630609
234,Seikalathur,630606
235,Sekkakudi,630408
236,Sekkalai,630002
237,Sembanur,630313
238,Sengulipatti,630555
239,Senjai,630001
240,Sevalpatti,630211
241,Sevarakottai,630305
242,Sevvaipettai,623402
243,Sevvur,630405
244,Shanmuganathapattinam,630405
245,Shanmuganathapuram,630314
246,Sholapuram,630557
247,Silambani,630302
248,Silukkapatti,630554
249,Singampunari,630502
250,Siramam,630554
251,Siravayal,630214
252,Sirukudalpatti,630215
253,Sithivayal,630108
254,Sivaganga,630561
255,Sivaganga Collectorate,630562
256,Sivaganga Courts,630561
257,Sivaganga North,630561
258,Sm Hospital,630211
259,Sokkanathapuram,630405
260,Sothugudi,630709
261,Surakudi,630501
262,Surakulam Pudukottai,630562
263,Suranam,630713
264,T.Nagani,630312
265,T.Pudukottai,623701
266,T.Pudupatti,630211
267,Tamarakki,630562
268,Teralapur,630303
269,Thanjakur,630610
270,Thayamangalam,630709
271,Thidakottai,630312
272,Thirani,630405
273,Thogavur,630710
274,Thoonugudi,623402
275,Thuvaralankanmoi,630551
276,Tirukalapatti,630211
277,Tirukolakudi,630405
278,Tirukoshtiyur,630210
279,Tirumalaikoneripatti,630552
280,Tirumanjolai,630561
281,Tirupattur,630211
282,Tirupattur Bus stand,630211
283,Tiruppachetti,630610
284,Tiruppakottai,630303
285,Tiruppuvanam,630611
286,Tiruppuvanam Pudur,630611
287,Tiruvalandur,630410
288,Tiruvegampet,630408
289,Tuvar,630405
290,Ulagampatti,630410
291,Uluthimadai,630610
292,Unjanai,630202
293,Uruvatti,630405
294,Usilangulam,630554
295,Uthamanoor,630702
296,V.Pudur,630410
297,Vadagudi,630107
298,Vaiyakalathur,630203
299,Vaiyapuripatti,630501
300,Valacheri,630611
301,Vandal,630710
302,Vanjinipatti,630201
303,Varappur,630410
304,Velangudi,630203
305,Velarendal,630554
306,Velayuthapattinam,630311
307,Vellikurichi,630610
308,Vembattur,630565
309,Vengaipatti,630502
310,Vengalore,630303
311,Veppangulam,630305
312,Vethiyur,630321
313,Vilangattur,630408
314,Viramathi,630212
315,Visalayankottai,630306
316,Viswanoor,630713
317,Vittaneri,630556
