SNO,Location,Pincode
1,Achampatti,613402
2,Adambai,614602
3,Adanur,612301
4,Adirampattinam,614701
5,Adirampattinam R.s,614701
6,Adirampattinam Town,614701
7,Adirampattinam West,614701
8,Aduthurai,612101
9,Aduthurai Bazar,612101
10,Agaramangudi,614303
11,Aimbadumelnagaram,613101
12,Aiyanapuram,613602
13,Akkaraivattam,614614
14,Aladikkumulai,614615
15,Alagiyanayakipuram,614723
16,Alakkudi,613601
17,Alampallam,614901
18,Alathur,614901
19,Alivalam,614602
20,Allur,613101
21,Ambalapattu,614626
22,Ambalapattu North,614626
23,Ammachathiram,612103
24,Ammaiyandi,614623
25,Ammangudi,612202
26,Ammanichatram,614802
27,Ammapet,614401
28,Anaikadu,614602
29,Anaikudi,612105
30,Andalampettai,612104
31,Andami,614903
32,Andikadu,614723
33,Annalagraharam,612401
34,Annappanpettai,613003
35,Aralur,612106
36,Arasapattu,614019
37,Arcadu,613205
38,Arisikara Street,613001
39,Arsuthipattu,613504
40,Arundavapuram,614402
41,Asoor,612501
42,Athikottai,614906
43,Atthiyur,612503
44,Attivetti,614613
45,Avanam,614623
46,Avaniapuram,612107
47,Avarampatti,613602
48,Ayyamp R.s.,614211
49,Ayyampet,614201
50,Ayyampet Bazaar,614201
51,Ayyavadi,612204
52,Azhiavaikal,614904
53,Baburajapuram,612302
54,Budalur,613602
55,Chakrapalli,614211
56,Chennampatti,613403
57,Chinnakadaitheru,614401
58,Chitrakudi,613602
59,Chokkanathapuram,614803
60,Cholagankarai,614626
61,Cholanmaligai,612703
62,Cholapuram,614902
63,Co-operative Buildings,613009
64,Darasuram,612702
65,Devanancheri,612501
66,Devarayanpettai,614204
67,Eachankottai,614902
68,Elangadu-tpl,613104
69,Enadi,614615
70,Enathikarambai,614623
71,Engan,612603
72,Eraharam,612303
73,Eripurakarai,614701
74,Ganapathi Agraharam,614202
75,Ganapathi Nagar,613007
76,Gangadarapuram,612302
77,Govindapuram,612101
78,Gudalur,613003
79,Ichangudi,613204
80,Idaiyiruppu,614302
81,Idayathi,614628
82,Ilangadu,614903
83,Ilangarkudi,614203
84,Iluppakorai,614202
85,Inayathukanpatti,613005
86,Indalur,613102
87,Injikollai,612605
88,Innambur,612303
89,Irudayapuram,613001
90,Irumbuthalai,613504
91,Jambugambalpuram,613502
92,Kabistalam,614203
93,Kachamangalam,613102
94,Kadakadappai,613003
95,Kadanthankudi,614903
96,Kadichambadi,612501
97,Kadiramangalam,612106
98,Kaduvettividuthi,614614
99,Kakkarai,614625
100,Kakkaraikottai,614902
101,Kalagam,614804
102,Kalancheri,613504
103,Kalanivasal,614804
104,Kalathur,612802
105,Kalimedu,613002
106,Kallaperambur,613601
107,Kallapuliyur,612501
108,Kallur,612503
109,Kallurnikadu,614628
110,Kalumangalam,613602
111,Kalvirayanpettai,613601
112,Kalyanaodai,614903
113,Kalyanapuram,613201
114,Kamatchinayakkanpalayam,614602
115,Kambayarnatham,613504
116,Kandamangalam,613104
117,Kandithampattu,614904
118,Kandiyur,613202
119,Kangeyampatti,613602
120,Kanjanur,609804
121,Kannanthankudi,614625
122,Kannathankudimelaiyur,614625
123,Kannugudi,614901
124,Kannugudi Kilpathi,614901
125,Karambakadu,614802
126,Karambayam,614626
127,Karukadipatti,614902
128,Karunthattankudi,613002
129,Karuppamanai,614804
130,Karuppur,609807
131,Karuppur-kbs,614203
132,Kasanadupudur,614904
133,Kasangadu,614613
134,Kattayankadu,614803
135,Kattur,614019
136,Kavalur,614303
137,Kavarapattu,614625
138,Kilakadu,614704
139,Kilakattur,609807
140,Kilakurichi,614015
141,Kilamangalam,614615
142,Kilathirupanthuruthi,613103
143,Kilauluvur,614904
144,Kilavastachavadi,614904
145,Kiliyur,614208
146,Koildevarayanpettai,614204
147,Kokkeri,614402
148,Kollaikadu,614628
149,Konerirajapuram,613101
150,Konulampallam,609807
151,Koohur,612602
152,Koorchi,612504
153,Koranattukkaruppur,612501
154,Korukkai Thottam,612401
155,Kothangudi,612602
156,Kottaitheru,614902
157,Kottaiyur,612302
158,Kovathagudi,614301
159,Kovilacherri,612503
160,Koviladi-tpl,613105
161,Kovilur,613502
162,Krishnapuram,612401
163,Krishnarayar Agraharam,612001
164,Kulamangalam,614019
165,Kulichapattu,613501
166,Kumaramangalam,612602
167,Kumbakonam,612001
168,Kumbakonam Bazar,612001
169,Kumbakonam City,612001
170,Kumbakonam Cutchery,612001
171,Kumbakonam East,612001
172,Kumbakonam Extn.,612001
173,Kumbakonam Market,612001
174,Kumbakonam R.s.,612001
175,Kumbakonam West,612001
176,Kumilakudi,613502
177,Kuruchi,614602
178,Kurungulam,613303
179,Kurungulam Melpathy,613303
180,Kuruvikarambai,614802
181,Kuthur,613104
182,Lower Anicut,612502
183,Madalampettai,612001
184,Madukkur,614903
185,Madukkur Bazaar,614903
186,Madukkur North,614903
187,Magilankottai,614701
188,Mahadana Street,612104
189,Maharajapuram,612503
190,Mahimalai,614401
191,Maliyakadu,614602
192,Mallipattinam,614723
193,Manakadu,614612
194,Manalur,609804
195,Manambadi,612503
196,Manambuchavadi,613001
197,Manangorai,614206
198,Manayeripatti,613402
199,Manikudi,612504
200,Manjavayal,614613
201,Mannangadu,614613
202,Manojipatti,613004
203,Maravakadu,614704
204,Mariammankoil,613501
205,Marudakudi,613602
206,Marudanallur,612402
207,Marungapallam,614802
208,Marungulam,613006
209,Maruthuvakudi,612101
210,Maruvur,613203
211,Mathur,612602
212,Mathur-ayp,614206
213,Mattayanthidal,614302
214,Mattiyur,612504
215,Mavadukurichi,614804
216,Mekalathur,613102
217,Melaiyur,612101
218,Melakalakudi,613501
219,Melakaveri,612002
220,Melattur,614301
221,Melauluvur,614904
222,Melavasthachavadi,613005
223,Mgm Sanatorium,613402
224,Michaelpatti,613104
225,Mohamed Bunder,613201
226,Moothakurichi,614906
227,Mudachikadu,614804
228,Mudalchery,614602
229,Mudukadu,614612
230,Mukasa Nanjikottai,613006
231,Mukasakaduveli,613203
232,Mullakudi,613104
233,Mullangudi,612502
234,Mullurpattikadu,614901
235,Murthiambalpuram,614019
236,Murukkangudi,612202
237,Muthandipatti,613402
238,Nadimuthunagar,614602
239,Nadiyam,614802
240,Nadukaveri,613101
241,Nadur,614904
242,Naduvikottai,614602
243,Nagarasampettai,612605
244,Nagathi,613205
245,Nainankulam,614602
246,Nallavanniyankudikadu,613502
247,Nambivayal,614615
248,Nariyanur,614301
249,Natchar Koil,612602
250,Nattuchalai,614906
251,Neduntheru,614210
252,Neduvakottai,614625
253,Neivasal-ame,614019
254,Neivelivadapathy,614628
255,Nemam,613104
256,Nirathanallur,612501
257,Odayalur,612804
258,Odayarkoil,614402
259,Okkanadukilaiyur,614632
260,Okkanadumelaiyur,614625
261,Ombathuveli,614302
262,Oppiliappankoil,612204
263,Orantharayankudikadu,614625
264,Orathur,613602
265,Orattanad,614625
266,Orattanad Pudur,614625
267,Orattanad South,614625
268,Ottangadu,614803
269,Pachiyur,614902
270,Padirankottai,614614
271,Paingal,614623
272,Palakudi,612102
273,Palamaneri,613104
274,Palanjore,614701
275,Palavathankattalai,612401
276,Palaya Peravurni,614804
277,Palayapatti South,613402
278,Pallathur,614803
279,Palliagraharam,613003
280,Palliyur,613504
281,Pampappadaiyur,612703
282,Panchanathikottai,614904
283,Pandaravadai,614204
284,Pannavayal,614602
285,Papanasam,614205
286,Papanasam Bazaar,614205
287,Papanasam North,614205
288,Papanasam Public office,614205
289,Papanasam West,614205
290,Pappanad,614626
291,Parakkalakottai,614613
292,Parangivettikadu,614626
293,Paruthicherri,612605
294,Paruthikottai,614904
295,Paruthikudi,612102
296,Pasupathikoil,614206
297,Patteeswaram,612703
298,Pattukottai,614601
299,Pattukottai Bazaar,614601
300,Pattukottai R.s.,614602
301,Peikarambankottai,614626
302,Peramur,613204
303,Peravurni,614804
304,Peravurni Bazaar,614804
305,Periyakottai,614903
306,Perumagalur,614612
307,Pillaiyarpatti,613403
308,Pinnaiyur,614902
309,Pinnavasal,614804
310,Ponavasal,613204
311,Ponnapur,614904
312,Ponnavarayankottai,614602
313,Pookkara Street,613001
314,Poondi-tpl,613105
315,Poundarigapuram,612202
316,Poyyundarkottai,614902
317,Puduchatram,613105
318,Pudukottai Ulur,614701
319,Pudukudi,613402
320,Pulavanji,614903
321,Pulavankadu,614625
322,Pulavarnatham,613501
323,Puliyakudi,614402
324,Pullabudangudi,612301
325,Punaikuthikadu,614804
326,Punavasal,614803
327,Pundi-tj,613502
328,Puthur-ame,614402
329,Puthur-psm,614202
330,Puvathur,614625
331,Ragavambalpuram,614019
332,Rajaghiri,614207
333,Rajamadam,614701
334,Rajappa Nagar,613007
335,Ramanathapuram,613004
336,Ramapuram,613003
337,Raramuthirakottai,613501
338,Ravusapatti,613403
339,Rayamundanpatti,613402
340,Rendampulikadu,614723
341,Rendankattalai,612202
342,Renganathapuram,613104
343,Royampettai,613204
344,Royandur,613602
345,Rsg College,613005
346,Rudrachinthamani,614612
347,Sakkarasamandam,613002
348,Sakkottai,612401
349,Saliamangalam,613504
350,Saliamangalam Bazaar,613504
351,Sandangadu,614615
352,Sannapuram,612204
353,Saravendrarajanpattinam,614723
354,Sarukkai,614203
355,Sathanur,609802
356,Sathyamangalam,614203
357,Sembalur,614901
358,Semmangudi,612605
359,Sendalai,613101
360,Sendangadu,614901
361,Sengamangalam,614804
362,Senganur,612504
363,Sengapaduthankadu,614613
364,Sengarangudi Pudur,612205
365,Sengipatti,613402
366,Sethubavachatram,614802
367,Sethurayankudikadu,614902
368,Seyyamangalam,613102
369,Sholagampatti,613102
370,Sholapuram,612503
371,Sickinaickanpettai,612504
372,Sillathur Ktu,614902
373,Siramelkudi,614903
374,Siruvalakadu,614803
375,Siruvaviduthy,614628
376,Sivapuram,612401
377,Someswarapuram,613204
378,Soolamangalam,614206
379,Soorapallam,614602
380,Sornakadu,614804
381,Sri Pushpam college,613503
382,Srinivasapuram,613009
383,State Bank colony,613004
384,Suliyakottai,613504
385,Sundaraperumalkoil,614208
386,Suriyanarkoil,612102
387,Swamimalai,612302
388,Swamimalai East,612302
389,Sydambalpuram,614904
390,T.Melakadu,614704
391,Tj Busstand,613001
392,Tj Co-operative housing colony,613007
393,Talayamangalam(vdr),614019
394,Tamarankottai,614613
395,Tamil University,613005
396,Tandankorai,614206
397,Tennangudi,613601
398,Tepperumanallur,612206
399,Teynampadugai,612703
400,Thaligaividuthy,614614
401,Thalikottai,614905
402,Thandanthottam,612202
403,Thanjavur,613001
404,Thanjavur Bazaar,613001
405,Thanjavur City,613001
406,Thanjavur Collectorate,613001
407,Thanjavur East,613001
408,Thanjavur East gate,613001
409,Thanjavur Housing unit,613007
410,Thanjavur Medical college,613004
411,Thanjavur North gate,613008
412,Thanjavur P&t colony,613006
413,Thanjavur South,613001
414,Thanjavur West,613009
415,Thathuvancheri,612502
416,Thennamanad,614625
417,Thethuvasalpatti,613303
418,Thillaisthanam,613203
419,Thillaiyambur,612804
420,Thiruvaiyaru,613204
421,Thiruvaiyaru North,613204
422,Thiruvaiyaru Thiagaraja colony,613204
423,Thiruvathevan,614802
424,Thogur,613102
425,Thukkachi,612602
426,Thuvarankurichi,614613
427,Tippirajapuram,612402
428,Tiruchinampoondi,613105
429,Tiruchitrambalam,614628
430,Tiruchottuthurai,613202
431,Tirukanurpatti,613303
432,Tirukattupalli,613104
433,Tirukattupalli East,613104
434,Tirukkarugavur,614302
435,Tirukodikaval,609802
436,Tirukoilpathu,614402
437,Tiruloki,609804
438,Tirumalaisamudram,613402
439,Tirumandangudi,612301
440,Tirumangaicherry,609807
441,Tirumangalakottai,614627
442,Tirumangalakottai Kilayur,614905
443,Tirumangalakottai West,614905
444,Tirunageswaram,612204
445,Tirunallur Ond,614626
446,Tirunaraiyur,612602
447,Tirunilakudi,612108
448,Tirupanandal,612504
449,Tirupirambiyam,612303
450,Tiruppanthuruthi,613103
451,Tiruppayanam,613204
452,Tirupuvanam,612103
453,Tiruvaikavur,612301
454,Tiruvalampozhil,613103
455,Tiruvalanjuli,612302
456,Tiruvidaimarudur R.s.,612104
457,Tiruvidaimarudur West,612104
458,Tiruvidamarudur,612104
459,Tiruvisalur,612105
460,Tiruvonam,614614
461,Tittai,613003
462,Tiyagarajapuram,609802
463,Tyagasamudram,612301
464,Ukkadai,614401
465,Ullikadai,614202
466,Umamaheswarapuram,612103
467,Umattanad,614802
468,Umayalpuram,614209
469,Umbalapadi,614203
470,Unjividuthi,614614
471,Uranipuram,614631
472,Uthamadhanapuram,614205
473,Uthamanallur,613201
474,Vadakkumangudi,614303
475,Vadakkur,614902
476,Vadaseri,614905
477,Vaidyanathanpettai,613203
478,Vaiyacheri,614206
479,Valamarkottai,614019
480,Valappakudi,613104
481,Valayapettai,612702
482,Vallam-tj,613403
483,Vallampudur,613403
484,Valoothoor,614210
485,Vandayariruppu,614019
486,Vannarapettai,613601
487,Varagur,613101
488,Vattagudi,614613
489,Vediapuram,613205
490,Veeramangudi,613204
491,Vellamperambur,613101
492,Vellur-ond,614626
493,Vembakudi,614303
494,Vendakottai,614906
495,Vendayampatti,613402
496,Vengarai,614628
497,Vengarai East,614628
498,Vennamangalam,613602
499,Vennar Bank,613003
500,Veppankulam,614906
501,Veppathur,612105
502,Vettikadu,614902
503,Vettuvakottai,614614
504,Vidayalkaruppur,612605
505,Vikkramam,614903
506,Vilangudi,613204
507,Vilankulam,614802
508,Vilar,613006
509,Virakkan,612504
510,Virayankottai,614802
511,Visalur,612402
512,Vishnampettai,613105
513,Voc Nagar,613007
