SNO,Location,Pincode
1,A.Vadipatti,625602
2,Agamalai,625605
3,Alagapuri,625523
4,Allinagaram,625531
5,Ammapatti,625512
6,Ammatchiapuram,625531
7,Anaikaraipatti,625582
8,Anamalayanpatti,625526
9,Annanji,625531
10,Appipatti,625515
11,Athankaraipatti,625517
12,Aundipatti,625512
13,B.Ammapatti,625528
14,B.Meenakshipuram,625582
15,Bangalamedu,625531
16,Bodidasanpatti,625536
17,Bodimettu,625582
18,Bodinayakanur,625513
19,Bodinayakanur Bazar,625513
20,Bodinayakanur North,625513
21,Bodinayakanur R.s.,625513
22,Bomminayakanpatti,625602
23,Buthipuram,625531
24,C.Pudupatti,625556
25,Central Station,625582
26,Chinnakattalai,625527
27,Chinnamanur,625515
28,Chinnamanur Bazar,625515
29,Chinnaovalapuram,625515
30,Cumbum,625516
31,Cumbum West,625516
32,Devadanapatti,625602
33,Dharmapuri,625520
34,Endapuli,625604
35,Erasakkanayakanur,625515
36,Erumalainayakanpatti,625602
37,Ethakovil,625536
38,G.Kallupatti,625203
39,G.Usilampatti,625517
40,Gandamanayakanur,625517
41,Gandhinagar (cumbum),625516
42,Genguvarpatti,625203
43,Gokilapuram,625526
44,Gopalapuram,625534
45,Govindagaram,625517
46,Gudalur,625518
47,Gullapuram,625562
48,Hanumanthanpatti,625533
49,Highwavys,625519
50,Jangalpatti,625520
51,Jeevanagar,625513
52,Jeyamangalam,625603
53,Kadamalaikundu,625579
54,Kamarajapuram,625582
55,Kamatchipuram,625520
56,Kamayakoundanpatti,625521
57,Kanniappapillaipatti,625512
58,Kanniservaipatti,625515
59,Karunagamuthanpatti,625516
60,Keelagudalur,625518
61,Kodangipatti,625547
62,Koduvilarpatti,625534
63,Koilpatti,625562
64,Kombai,625522
65,Kombaitholu,625579
66,Koolayanur,625515
67,Kothaloothu,625512
68,Kothapatti,625512
69,Kottagudi,625582
70,Kottur,625534
71,Kovilparai,625579
72,Krishnampatti,625530
73,Kujjanur,625515
74,Kullappagoundanpatti,625516
75,Kumizhantholu,625579
76,Kunnur,625531
77,Kuppinayakanpatti,625520
78,Kurangani,625582
79,Lakshminayakanpatti,625530
80,Lakshmipuram,625523
81,Manalar,625519
82,Manjalar Dam,625602
83,Marikundu,625517
84,Markeyankottai,625552
85,Mayiladumparai,625579
86,Megamalai,625515
87,Melachokkanathapuram,625582
88,Melasindalachery,625524
89,Melmangalam,625603
90,Moolakadai,625579
91,Mottanuthu,625512
92,Murugamalainagar,625605
93,Muthulapuram,625515
94,Nagalapuram,625528
95,Nallakaruppanpatti,625604
96,Narayanathevanpatti,625521
97,Odaipatti,625540
98,Okkaraipatti,625517
99,P.Dharmathupatti,625536
100,Palacombai,625512
101,Palanichettipatti,625531
102,Pallavarayanpatti,625524
103,Pannaipuram,625524
104,Periyakulam,625601
105,Periyakulam Bazaar,625601
106,Periyakulam East,625604
107,Periyakulam Public office,625601
108,Periyar Project,625525
109,Poomalaikundu,625520
110,Poosanuthu,625579
111,Pottipuram,625528
112,Pulikuthi,625524
113,Pullimankombai,625536
114,Rajadhani,625512
115,Rajagopalanpatti,625536
116,Rasingapuram,625528
117,Rengasamudram,625562
118,Rosanampatti,625512
119,Royappanpatti,625526
120,Sankarapuram,625530
121,Saruthupatti,625523
122,Sathakoilpatti,625602
123,Seelayampatti,625515
124,Seepalakottai,625540
125,Shunmugasundarapuram,625512
126,Silamalai,625528
127,Sillamarathupatti,625528
128,Silvarpatti,625602
129,Sindalacherry,625530
130,Siraparai,625579
131,Srirengapuram,625534
132,Subburajnagar,625582
133,Sukkangalpatti,625540
134,Surulipatti,625516
135,Suruliyar Lower camp,625525
136,T.Kallipatti,625605
137,T.Meenatchipuram,625530
138,T.Nagar (theni),625531
139,T.Subbulapuram,625536
140,T.V.renganathapuram,625536
141,Tadichery,625534
142,Tamarakulam,625605
143,Thamminayakanpatti,625530
144,Thangammalpuram,625579
145,Thekkampatti,625517
146,Theni,625531
147,Theni East,625531
148,Theppampatti,625512
149,Thevaram,625530
150,Thimmarasanayakanur,625536
151,Thullukuttinayakanur,625705
152,Thummagundu,625579
153,U.Ammapatti,625533
154,Upparpatti,625534
155,Uppukottai,625534
156,Uthamapalayam,625533
157,Uthamapalayam Bazar,625533
158,Uthamapalayam West,625533
159,Vadagarai,625601
160,Vadugapatti,625603
161,Vaigaidamsite,625562
162,Vaigaiproject,625562
163,Varadharajnagar,625562
164,Varushanadu,625579
165,Veerapandi,625534
166,Vellaiyammalpuram,625540
167,Venkatachalapuram,625572
168,Venniar Estate,625538
