SNO,Location,Pincode
1,Adivaragapuram,631303
2,Agooru,631209
3,Aladu,601204
4,Alamathi,600052
5,Alamathi Cattle farm,600052
6,Alamelumangapuram,631213
7,Alinjivakkam,600067
8,Allikuzhi,602023
9,Alwarthirunagar,600087
10,Ambattur,600053
11,Ambattur Indl estate,600058
12,Ambattur West,600053
13,Ammaneri,631303
14,Ammavarikuppam,631301
15,Amoor,601204
16,Andarkuppam,600103
17,Anuppampattu,601203
18,Arambakkam,601201
19,Aranvoyal,602025
20,Arasur,601204
21,Arcot,631204
22,Arignar Anna nagar,600072
23,Arni Cpt,601101
24,Arungolam,631201
25,Athimanjeri,631202
26,Athimanjeripeta,631202
27,Athipattu,631210
28,Athivakkam,601102
29,Avadi,600054
30,Avadi Af quarters,600055
31,Avadi Camp,600054
32,Avadi Iaf,600055
33,Ayanambakkam,600095
34,Ayapakkam,600077
35,Balakrishnapuram,631202
36,Balapuram,631301
37,Beerakuppam,631205
38,Bommarajupeta,631208
39,Boochiathipattu,600052
40,Buchireddipalli,631206
41,Budur,600067
42,C.N.kandigai,631208
43,Crp Camp,600065
44,Central Vehicle depot,600055
45,Chandravilasapuram,631301
46,Chanurmallavaram,631302
47,Cherukkanur,631205
48,Chinnambedu,601206
49,Chinnammapet,631210
50,Chivada,631201
51,Cvrde,600054
52,Damaraipakkam,601103
53,Devadanam,601203
54,Devampattu,601201
55,Devandavakkam,602023
56,Echambadi,631207
57,Edoor,601201
58,Egattur,631203
59,Elavur,601201
60,Emrkandigai,631304
61,Enambakkam,601103
62,Ennore Rs,600057
63,Ennore Thermal station,600057
64,Ernavur,600057
65,Erumaivettipalayam,600067
66,Erumbi,631302
67,Gandhinagar,600054
68,Goonipalayam,602026
69,Gummidipundi,601201
70,Guruvoyal,600052
71,Harichandrapuram,631210
72,Iguvarpalayam,601201
73,Ikkadu,602021
74,Illuppur,631204
75,Illupur,602002
76,Jagadambigainagar,600050
77,Jagannathapuram,600067
78,Jangalapalli,631208
79,Jothi Nagar,601203
80,Kadambathur,631203
81,Kadananagaram,631301
82,Kadirvedu,600066
83,Kaivandur,631203
84,Kakalur,631208
85,Kakalur Ind estate,602003
86,Kaladipet,600019
87,Kalambakkam,602025
88,Kallur,601201
89,Kalpattu,601103
90,Kamarajnagar,600071
91,Kanakammachatram,631204
92,Kanchipadi,631204
93,Kannankottai,601202
94,Kannigaipair,601102
95,Karikalavakkam,602021
96,Karimbedu,631207
97,Karlambakkam,631202
98,Karlapakkam,602024
99,Karthikeyapuram,631211
100,Kasavarajpetta,631211
101,Kattupakkam,600056
102,Kattur,601203
103,Kavarapettai,601206
104,Keechalam,631208
105,Kg Kandigai,631205
106,Kilanur,602021
107,Kilikodi,601206
108,Kilmudalambedu,601206
109,Kilnallathur,602002
110,Kodivalasa,631202
111,Koduvalli,600055
112,Kolappancheri,600072
113,Kolathur,631207
114,Kolur,601205
115,Komakkambedu,602024
116,Konasamudram,631202
117,Konetampet,631207
118,Konnur East,600049
119,Koppur,602025
120,Koramangalam,631205
121,Korattur,600080
122,Korattur Rs,600076
123,Korattur West,600080
124,Kothakuppam,631202
125,Kottamedu,602024
126,Kovilpadagai,600062
127,Krishnapuram,601204
128,Krishnasamudram,631206
129,Kumararajupeta,631207
130,Kunnavalam,631210
131,Kurmavilasapuram,631210
132,Kuttambakkam,602107
133,Lakshipuram,602024
134,Lakshmipuram,600099
135,Madarpakkam,601202
136,Madduru,631206
137,Madhavaram,600060
138,Madhavaram Milk colony,600051
139,Maduravoyal,600095
140,Mahankalikapuram,631301
141,Majankaranai,601102
142,Malayambakkam,602103
143,Mambakkam,602026
144,Manali,600068
145,Manali New town,600103
146,Manavalanagar,602002
147,Manellore,601202
148,Mangavaram,601201
149,Mannur,631210
150,Medur,601204
151,Melapudi,631208
152,Melnallathur,602002
153,Menambedu,600053
154,Meyyur,601103
155,Minjur,601203
156,Mittanamalli,600055
157,Mogappair,600037
158,Mogappair West,600037
159,Mondiyamman Nagar,600052
160,Monnavedu,602021
161,Moolakadai,600060
162,Morai,600055
163,Mukkarambakkam,601102
164,Murukkambattu,631209
165,Muthukondapuram,631204
166,Myladumparai,631302
167,Nabalur,631204
168,Nallathur,631212
169,Nallur,601203
170,Nambakkam,602023
171,Nandiambakkam,600120
172,Nayar,600067
173,Nazarethpettai,602103
174,Nedambaram,631204
175,Nedigallu,631208
176,Nediyam,631207
177,Neidavoyal,601203
178,Neiveli,602023
179,Nelvoy,601102
180,Nemam,602107
181,Nemili,631201
182,Nemilichery,602024
183,Netterikandigai,631209
184,New Gummidipundi,601201
185,Nggo Colony tiruvallur,602001
186,Nochili,631202
187,Nolambur,600095
188,North Chennai thermal pp,600120
189,Numbal,600077
190,Nungambakkam,602002
191,Odappai,602023
192,Odikkadu,602021
193,Oragadam,600053
194,Orakadu,600067
195,Padi,600050
196,Padi South,600050
197,Padianallur,600052
198,Paivalasa,631302
199,Pakasala,631210
200,Pakkam,602024
201,Palavakkam,602026
202,Palavedu,600055
203,Palayanur,631210
204,Pallavada,601202
205,Pallipat,631207
206,Pallipat Bazzar,631207
207,Pammadukulam,600052
208,Panayancheri,601101
209,Pandeeswaram,600055
210,Pandravedu,631208
211,Pandur,631203
212,Panjetti,601204
213,Papparambakkam,602025
214,Paruthipattu,600071
215,Pattabiram,600072
216,Pattabiram East,600072
217,Pattabiramapuram,631209
218,Pattaraiperumbudur,631203
219,Peddakalakattur,631210
220,Peddanagapudi,631302
221,Peddaramapuram,631302
222,Pennaluripeta,602022
223,Perambakkam,631402
224,Perandur,602026
225,Perattur,602021
226,Periaobulapuam,601201
227,Periapalayam,601102
228,Perumalpattu,602024
229,Perumanallur,631208
230,Perumbedu,601204
231,Pettaikandigai,631208
232,Placepalayam,602023
233,Podaturpeta,631208
234,Podaturpetawest,631208
235,Podiyarankulam,601201
236,Polivakkam,602002
237,Pondavakkam,602026
238,Ponneri,601204
239,Ponneri Public office,601204
240,Ponniammanmedu,600110
241,Ponpadi,631213
242,Ponpadi Rs,631213
243,Poonamallee,600056
244,Poonamallee East,600056
245,Poondi,602023
246,Poonimangadu,631212
247,Poorivakkam,601103
248,Pozhal,600066
249,Prithivipakkam,600053
250,Puduchatram,602107
251,Pudumavilangai,631203
252,Puduvoyal,601206
253,Pulicat,601205
254,Pullarambakkam,602023
255,Punyam,631207
256,Putlur,602025
257,Puvalambedu,601206
258,Railway Carshed complex,600109
259,Rajajinagar,600049
260,Rajanagaram,631304
261,Rallapadi,601101
262,Ramakrishnarajupeta,631303
263,Ramanjeri,631204
264,Ramapuram,631204
265,Ramasamudram,631206
266,Rangapuram,631302
267,Reddipalayam,601204
268,Redhills,600052
269,Redhills Bazar,600052
270,Roshanagaram,601202
271,S.Agraharam,631205
272,Samanthavada,631207
273,Sanakuppam,631207
274,Sandarayanpalayam,602023
275,Saraswathinagar,631211
276,Sathyamurthynagar,600062
277,Savattur,631208
278,Seemapuram South,601203
279,Seethanjeri,602026
280,Selai,631203
281,Sembarambakkam,602103
282,Sembedu,601103
283,Sengadu,602002
284,Senji,631203
285,Senneerkuppam,600056
286,Senthilnagar,600062
287,Sgbkandigai,631304
288,Shanmugapuram,600019
289,Sholavaram,600067
290,Sidco Estate,600098
291,Siddharajakandigai,601201
292,Sirugumi,631205
293,Sirupulalpettai,601201
294,Sivanvoyal,602024
295,Sorakayapeta,631208
296,Soranjeri,600072
297,Spicto Industrial estate,601201
298,Srikalikapuram,631302
299,Srinivasanagar,600049
300,Srinivasapuram,631209
301,Subbareddypalayam,600120
302,Sulaimeni,602026
303,Sunnambukulam,601201
304,Suryanagaram,631209
305,T.C.kandigai,631205
306,T.T.kandigai,631208
307,Tank Factory avadi,600054
308,Tervali,601201
309,Thadur,631205
310,Thalakancheri,602021
311,Thalavedu,631212
312,Thamaraikulam,631302
313,Thandalam,601102
314,Thandarai,600072
315,Thanipoondi,601202
316,Tharakshi,602026
317,Thervoy,601202
318,Thirumullaivoyal,600062
319,Thirumushi,602107
320,Thirupalavanam,601205
321,Thiruvengadnagar,600053
322,Thiruverkadu,600077
323,Thozhur,602025
324,Thriuvellavoyal,601203
325,Thyagapuram,631301
326,Timmaboopalapuram,602023
327,Tirukandalam,601103
328,Tirumangalam Road,600049
329,Tiruninravur,602024
330,Tiruninravur Rs,602024
331,Tirupasur,631203
332,Tirur Cpt,602025
333,Tirutani Hills,631209
334,Tiruttani,631209
335,Tiruttanieast,631209
336,Tiruttanisouth,631209
337,Tiruttaniwest,631209
338,Tiruvallur,602001
339,Tiruvallur Bazaar,602001
340,Tiruvallur Nethaji road,602001
341,Tiruvelangadu,631210
342,Tiruvottiyur,600019
343,Tiruvottiyur West,600019
344,Tondiarpet Rly colony,600019
345,Udayarkoil,602107
346,Upper Tirutani,631209
347,Uttukottai,602026
348,V.K.n.kandigai,631205
349,V.P.r.puram,631302
350,Vadakarai,600052
351,Vadamadurai,601102
352,Vadaperumbakkam,600060
353,Vadattur,602024
354,Valasaravakkam,600087
355,Vallur,600120
356,Vanagaram,600095
357,Vanganur,631304
358,Vediyangadu,631302
359,Veerakaverirajapuram,631205
360,Veeramangalam,631302
361,Veeranathur,631303
362,Veeraraghavapuram,631210
363,Velanjeri,631209
364,Veliagaram,631207
365,Vellanur,600062
366,Vellathukottai,602023
367,Vellavedu,602107
368,Vellivoyalchavadi,600103
369,Velliyur,602027
370,Velur,601203
371,Vengal,601103
372,Venkatarajakuppam,631207
373,Veppambattu,602024
374,Vichoor,600103
375,Vidaiyur,631203
376,Vijayalakshmipuram,600053
377,Vilangadupakkam,600052
378,Villivakkam,600049
379,Villivakkam North,600049
380,Voyalanallur,600072
381,Voyalur,601203
382,Vyasapuram,631210
383,Wimco Nagar,600019
