SNO,Location,Pincode
1,Abivirthiswaram,613705
2,Achuthamangalam,610105
3,Adambar,610105
4,Adangudi,614103
5,Adanur(kvn),614403
6,Adiakkamangalam,611101
7,Adichamangalam,612804
8,Adichapuram,614717
9,Agaraohai,612601
10,Agarathirumalam,609503
11,Alangadu,614704
12,Alangadu Uppur,614704
13,Alangudi,612801
14,Alankottai,614018
15,Alathambadi,610211
16,Alathur,609405
17,Alivalam,610106
18,Ammanur,610201
19,Ammayappan,613701
20,Amur,610101
21,Anaikuppam,610105
22,Andankarai,610203
23,Andankoil,612804
24,Andipalayam,611101
25,Arasavanangadu,612603
26,Aravoor,614404
27,Ariyalur,614702
28,Asesham,614016
29,Athisolamangalam,613701
30,Authur,610103
31,Avalivanallur,612802
32,Avoor,612701
33,Barakadabad,613705
34,Budamangalam,610114
35,Chandrasekarapuram,612804
36,Chettichatram,614403
37,Chittamalli-nid,614404
38,Dakshinamurthi Mutt,610001
39,Devadanam,614702
40,Devangudi,612803
41,Divammapuram,614715
42,Elavangargudi,610051
43,Elavanur,614017
44,Erukattur,610102
45,Ezhilur,614715
46,Gopalasamudram,614001
47,Govindakudi,612704
48,Hanumanthapuram,613703
49,Haridranathi,614001
50,Haridwaramangalam,612802
51,Harischandrapuram,610206
52,Ida Melaiyur,614013
53,Idaiyur,614702
54,Idakilaiyur,614013
55,Idumbavanam,614703
56,Ilaiyur,613705
57,Injikudi,609405
58,Irulneeki,614708
59,Jambavanodai,614738
60,Kachanam,610201
61,Kadalangudi,609501
62,Kadiacheri,614715
63,Kalacheri,612803
64,Kalanjimodu,612803
65,Kalathur,613703
66,Kalavaikarai,614001
67,Kaliyakudi,609403
68,Kallikudi,611101
69,Kalyanamahadevi,613704
70,Kamalapuram,610102
71,Kandithampettai,614018
72,Kandramanickam,612604
73,Kaniyakurichi,614017
74,Kankoduthavanitham,610113
75,Karaikottai,614013
76,Karpaganatharkulam,614703
77,Karunavur,614705
78,Karuppakilar,614708
79,Karuvakurichi,614018
80,Kattakudi,614013
81,Kattimodu,614716
82,Kattur,610104
83,Keerakalur,614715
84,Keeralathur,610205
85,Keeranur,609403
86,Kekkarai,610003
87,Kezhuvathur,614705
88,Kidarankondan,610003
89,Kilamanali,610103
90,Kilanammankurichi,614704
91,Kilapadugai,610109
92,Kilapalaiyur,612610
93,Kilapalam,614001
94,Kilapanaiyur,614708
95,Kilapandi,614703
96,Kilapattu,612803
97,Kilaperumalai,614703
98,Kilariam,613703
99,Kodavasal,612601
100,Kodikalpalayam,610001
101,Kollapuram,609608
102,Kollumangudi,609403
103,Komal,610202
104,Koopachikottai,614015
105,Koothanallur,614101
106,Koothanallur East,614101
107,Koothanur,609503
108,Koradacheri,613703
109,Korukkai,614711
110,Kothamangalam,614715
111,Kothangudi,614101
112,Kottugacheri,614101
113,Kottur,614708
114,Kovilur,614704
115,Kovilvenni,614403
116,Kovilvenni Bazaar,614403
117,Kudithangicheri,614102
118,Kulamanickam,614702
119,Kulikarai,613704
120,Kummattitidal,614706
121,Kundalur,609501
122,Kunnalur,614703
123,Kunniyur,614717
124,Kunnur,610203
125,Kurungulam,609608
126,Kuvalaiveli,612801
127,Lakshmangudi,614102
128,Madapuram,610001
129,Mahadevapattinam,614018
130,Manakal Ayyampet,610104
131,Manakkondu,614302
132,Manali,610203
133,Manandakudi,609503
134,Mangudi,610103
135,Manickamangalam,614404
136,Manjakudi,612610
137,Manjanavadi,614101
138,Mannargudi,614001
139,Mannargudi Bazaar,614001
140,Mannargudi West,614001
141,Mannarkudi South,614001
142,Mannukkumundan,614705
143,Mappilaikuppam,610105
144,Marudavanam,614710
145,Maruduvancheri,609503
146,Maruvathur,612802
147,Mathur-nid,612801
148,Mavattagudi,610206
149,Mavoor,610202
150,Meiporul Nagar,610001
151,Melalavandaseri,612803
152,Melamaravathy,612801
153,Melamarudur,614716
154,Melanammankurichi,614903
155,Melanatham,614015
156,Melanemmeli,614018
157,Melapalayur,612601
158,Melapanaiyur,614717
159,Melaperumalai,614703
160,Melavasal,614014
161,Melavidayal Ramnagar,612804
162,Menangudi,609608
163,Mettupalayam,614715
164,Moolangudi,612610
165,Moongilkudi,610101
166,Moovarkottai,614019
167,Mudikondan,609502
168,Mugunthanur,613701
169,Mukkul.Am sathanur,614018
170,Mullaivasal,614404
171,Muniyur,612802
172,Munnavalkottai,614403
173,Mutupet,614704
174,Muvanallur,614014
175,Nadapur,610101
176,Naduvakalappal,614710
177,Nagai,614016
178,Nahangudi,614101
179,Nallikottai,614018
180,Nallur,614208
181,Nallur-ttp,614717
182,Nannilam,610105
183,Nannilam Cutchery,610105
184,Narasingamangalam,614404
185,Narthangudi,614404
186,Naruvelikalappal,614710
187,Nedumbalam,614703
188,Nedungulam,609403
189,Neduvakottai,614014
190,Nemmeli,610105
191,Nemmeli-mng,614016
192,New Street,610001
193,Nidamangalam,614404
194,Nidamangalam Bazaar,614404
195,Olimidi,614404
196,Oorgudi,613703
197,Oothucadu,612701
198,Ovarur,614703
199,Padagacheri,612804
200,Painganadu,614020
201,Paingattur,614717
202,Pakkamparuthiyur,610107
203,Palaiyur,614719
204,Palayakottai,614017
205,Palayanur-ktn,614101
206,Palayavalam,610101
207,Pamani-ttp,614711
208,Pamani-mng,614014
209,Panangudi,609504
210,Paravakottai,614015
211,Paruthiyur,612604
212,Pathur,613703
213,Pavattakudi,609403
214,Peraiyur,614018
215,Peralam,609405
216,Perambur,614404
217,Periyakuruvadi,610206
218,Perumalagaram,613703
219,Perumpannaiyur,612603
220,Peruvazhandan,614705
221,Pettai,614704
222,Pichankottagam,614716
223,Pillur,609403
224,Pinnathur,614706
225,Podakudi,614103
226,Ponnirai,610203
227,Pudukudi,612610
228,Pudupathur,610106
229,Pulithikudi,614708
230,Pulivalam,610109
231,Pullamangalam,610206
232,Pullavarayankudikadu,614013
233,Punthottam,609503
234,Puthagaram,614705
235,Puvanur,612803
236,Radhanarasimhapuram,614020
237,Rajappaiyanchavadi,612803
238,Rayanallur,614715
239,Rayapuram,612803
240,Renganathapuram,614717
241,Sadayarkoil,614019
242,Saliperi,610105
243,Sarabojirajapuram,609503
244,Sarguneswarapuram,609501
245,Sathanur(ktn),614101
246,Sathanur-psm,612801
247,Savalakkaran,614014
248,Segarai,614103
249,Sellur,613705
250,Selvapuram,610101
251,Semangalam,611101
252,Sembadavankadu,614704
253,Sembangudi,612603
254,Sembiyanallur,609503
255,Sendamangalam(ttp),614708
256,Sendangudi,610206
257,Sengalipuram,612604
258,Senganur,610107
259,Serangolam,614016
260,Serukalathur,612604
261,Serumangalam,614014
262,Seruvamani,610205
263,Sidakkamangalam,612604
264,Simili,612603
265,Sirupuliyur,609403
266,Sithadi,612604
267,Sithamalli,614705
268,Sithanvalur,612804
269,Sokkanavur,614017
270,Solachery,613701
271,Solapandi,614016
272,Srivanjiam,610110
273,Sundarakottai,614016
274,Suranur,610101
275,Talayamangalam(mng),614016
276,Tanneerkunnam,614101
277,Tenparai,614020
278,Terkunanallur,614710
279,Terkupattam,612802
280,Thambikottai,614704
281,Thandalai,613701
282,Thappalampuliyur,610106
283,Thazhakudi,613701
284,Thillaivilagam,614706
285,Thillaivilagam South,614706
286,Tholuvur,612804
287,Thuthukudi,609504
288,Tiruchirai,612605
289,Tirukalar,614710
290,Tirukannamangai,610104
291,Tirukaravasal,610202
292,Tirukottaram,609603
293,Tirumakottai,614017
294,Tirumeichur,609405
295,Tirunattiyathankudi,610202
296,Tiruneipair,610103
297,Tirunellikaval,610205
298,Tirupalakudi,614028
299,Tiruturaipundi,614713
300,Tiruturaipundi Bazaar,614713
301,Tiruturaipundi R.s.,614713
302,Tiruvanduthurai,614717
303,Tiruvarur,610001
304,Tiruvarur North,610001
305,Tiruvidacherry,610107
306,Tondiakkadu,614703
307,Ubayavedanthapuram,609608
308,Udayamarthandapuram,614706
309,Ullikottai,614018
310,Vadagudi,610105
311,Vadakarai Alathur,614302
312,Vadakovanur,614102
313,Vadapathimangalam,610206
314,Vadaver,612604
315,Vadiakadu,614703
316,Vaduvur,614019
317,Vaduvur Thenpathi,614019
318,Vaduvur Vadapathi,614019
319,Vaipur,610101
320,Valangaman,612804
321,Vallur,614017
322,Vanakkara Street,614001
323,Vattar,614717
324,Veedhividangan,610107
325,Velangudi,609603
326,Vellakulam,612601
327,Vellur-ttp,614715
328,Velukudi,610102
329,Vennavasal,613703
330,Veppancheri,614703
331,Vikkirapandiyam,610203
332,Vikrapandiyam,610107
333,Vilagam,609501
334,Vilakudi,614715
335,Vilamal,613701
336,Vilathur,612802
337,Visalur,610101
338,Vittukatti,614715
