SNO,Location,Pincode
1,A Thirumalapuram,627113
2,A. sathankulam,627151
3,Achampadu,627117
4,Achankuttam,627861
5,Achanpudur,627801
6,Adaichani,627413
7,Adaikalapttinam,627808
8,Agarakattu,627852
9,Agasthiarpatti,627416
10,Aladiyur,627421
11,Alagappapuram,627652
12,Alagapuri,627719
13,Alagiapandiapuram,627202
14,Alagunatchiapuram,627754
15,Alangulam,627851
16,Alangulam Bazaar,627851
17,Alkondarkulam,627756
18,Alwaneri,627354
19,Alwarkurichi,627412
20,Ambalam,627354
21,Ambalavanapuram,627425
22,Ambasamudram,627401
23,Ambasamudram Angadi,627401
24,Ambasamudram East,627401
25,Ambasamudram Pudukudi,627435
26,Anaigudi,627651
27,Anaikarai,627654
28,Anaikulam,627859
29,Anaintha Perumal nadanur,627423
30,Andipatti,627851
31,Anjankattalai,627851
32,Anuvijay Township,627120
33,Ariyanayagipuram,627862
34,Ariyur,627758
35,Arugankulam,627757
36,Athuvazhi,627760
37,Attalanallur,627426
38,Avaraikulam,627105
39,Avudaiyanur,627431
40,Ayanthiruvaleeswaram,627418
41,Ayikudi,627852
42,Ayiraperi,627814
43,Ayyanarkulam,627853
44,Ayyaneri,628502
45,Ayyapuram,627805
46,Azhaganeri,627358
47,Balapadraramapuram,627953
48,Battarpuram,627108
49,Boganallur,627751
50,Brahmadesam,627413
51,Bungalowsurandai,627859
52,Burkitmanagaram,627351
53,Chatrapatti,627719
54,Cheranmahadevi,627414
55,Cheranmahadevi R.s,627414
56,Chiambarapuram,627754
57,Chidamabarapuram,627111
58,Chinthamani,627855
59,Chitrampatti,628502
60,Chockammpatti,627765
61,Chocknatchiapuram,627951
62,Courtallam,627802
63,Courtallam Bus stand,627802
64,Dalapathisamudram,627101
65,Deivanayagaperi,627354
66,Devanallur,627502
67,Devarkulam,627951
68,Devipattinam,627757
69,Dhamodarnagar,627809
70,Dohnavur,627102
71,Duraikudiyiruppu,627112
72,Duraisamypuram,627757
73,E.Meenakshipuram,627859
74,Elankulam,627110
75,Elathur,627803
76,Emankulam,627108
77,Erukkanthurai,627106
78,Eruvadi,627103
79,Ettankulam,627201
80,Gandhinagar,627008
81,Gangaikondan,627352
82,Gomathimuthupuram,627761
83,Gopalasamudram,627451
84,Govindaperi,627424
85,Gudalur,627760
86,Gunaramanallur,627814
87,Harikesavanallur,627426
88,Ichanda,627857
89,Idaikal,627821
90,Idaikal(tks),627804
91,Idaiyankulam,627502
92,Idayangudi,627651
93,Idindakarai,627104
94,Ilanji,627805
95,Ilyarasanendal,627713
96,Inamlkoilpatti,627757
97,Industrial Colony pettai,627010
98,Ittamozhi,627652
99,Jacobpuram,627114
100,Jawahar Nagar (tirunelveli),627007
101,K Kailasapuram,627352
102,Kabaliparai,627602
103,Kadabokathi,627814
104,Kadamboduvalvu,627108
105,Kadana Anaithittam,627412
106,Kadayalurutti,627859
107,Kadayam,627415
108,Kadayanallur,627751
109,Kadayanallur Bazar,627751
110,Kadayanallur Pettai,627751
111,Kaduvetti,627202
112,Kailasapuram,627001
113,Kakkarai,627111
114,Kalakad,627501
115,Kalakudi,627201
116,Kalandapanai,627109
117,Kalappakulam,627756
118,Kalathimadam,627851
119,Kalikumarapuram,627657
120,Kalingapatti,627724
121,Kalladichidambarapuram,627502
122,Kallidaikurichi,627416
123,Kallikulam,627502
124,Kallur,627010
125,Kaluneerkulam,627861
126,Kambapacheri,627751
127,Kanakkupillaivalasai,627803
128,Kanarpatti,627201
129,Kannanallur,627108
130,Kannankulam,627127
131,Karaichuthupudur,627659
132,Karaikurichi,627417
133,Karaiyiruppu,627357
134,Karandaneri,627152
135,Karankadu,627108
136,Karisalkudiyiruppu,627807
137,Karisalkulam,628552
138,Karisalpatti,627414
139,Karisathan,627753
140,Karisulthamangalam,627453
141,Karivalamvandanallur,627753
142,Karkudi,627813
143,Karungulam,627356
144,Karuppukatti,627151
145,Karuthapillaiyur,627418
146,Karuvanda,627860
147,Kasidharmam,627751
148,Kasimajorpuram,627802
149,Kasthurirengapuram,627112
150,Kattalaikudiyiruppu,627813
151,Kattarankulam,627201
152,Kavaakurichi,627854
153,Kavalkinaru,627105
154,Keela Kaduvetty,627152
155,Keelakaruvelankulam,627501
156,Keelapattam,627351
157,Kidanganeri,627854
158,Kidarakulam,627854
159,Kila Ambur,627418
160,Kila Omanallur,627356
161,Kila Uvari,627651
162,Kilakalangal,627860
163,Kilakku Kalakad,627501
164,Kilakulam,627426
165,Kilanilithanallur,627953
166,Kilankadu,627852
167,Kilapavur,627806
168,Kilavirasigamani,627862
169,Kiramangalam,627010
170,Kizhanatham,627353
171,Kizhapuliyur,627814
172,Kizhavaneri,627117
173,Kodaganallur,627010
174,Kodaiseri,627103
175,Kodarankulam,627416
176,Kodikurichi,627804
177,Kodiyankulam,627352
178,Konganthanparai,627007
179,Kooduthalai,627651
180,Koottapanai,627651
181,Kothayarmel Thangal,627427
182,Kottai Karungulam,627112
183,Kottaitheru,627416
184,Kottakulam,627805
185,Kovaikulam,627151
186,Kovilammalpuram,627107
187,Koviloothu,627415
188,Krishnapuram,627011
189,Krishnapuram (tvl),627759
190,Kudankulam,627106
191,Kulakkattakurichi,627713
192,Kulasekaramangalam,627862
193,Kulasekarapatti,627806
194,Kulasekaraperi,627753
195,Kulavanickerpuram,627002
196,Kulayaneri,627859
197,Kumanthapuram,627751
198,Kumarapuram,627657
199,Kundakulam,627355
200,Kuniyur,627417
201,Kunnathur,627006
202,Kurichanpatti,627860
203,Kurinjakulam,627719
204,Kurugapuram,627657
205,Kurukkalpatti,627953
206,Kuruvankottai,627853
207,Kuruvikulam,627754
208,Kuthapanjan,627851
209,Kuthenkuli,627104
210,Kuthukalvalasai,627803
211,Kuttam,627651
212,Kuttapuli,627127
213,Kuvalaikanni,627753
214,Leninjipuram,627114
215,Madavakurichi,627201
216,Mahadevankulam,627657
217,Maharajangar,627011
218,Mahendragiri,627133
219,Maipparai,627713
220,Malayadikurichi,627755
221,Manalur,627756
222,Manappadaiveedu,627353
223,Mangalapuram,627751
224,Manimuthar Project,627421
225,Manjolai,627420
226,Mannarkoil,627413
227,Mannarpuram,627657
228,Manonmaniam Sundaranar univers,627012
229,Manthiyoor,627424
230,Manur,627201
231,Marandai,627851
232,Marudur,627351
233,Marukkalankulam,627953
234,Maruthakulam,627151
235,Maruthamputhur,627851
236,Maruthankinar,627953
237,Mathalamparai,627814
238,Mathapuram,627415
239,Mavadi,627201
240,Mavadikal,627751
241,Mayamankurichi,627853
242,Melagaram,627818
243,Melailanthaikulam,627951
244,Melakadayanallur,627751
245,Melakalangal,627860
246,Melakulam,627351
247,Melamarudappapuram,627860
248,Melanarikudi,627953
249,Melanilithanallur,627953
250,Melapalayam,627005
251,Melapalayam Bazaar(tirunelveli,627005
252,Melapattam,627351
253,Melapavur,627806
254,Melaputhaneri,627351
255,Melasadayamankulam,627152
256,Melaseval,627452
257,Melathiru Vengadanathapuram,627006
258,Melur,627809
259,Merku Alwarkurichi,627412
260,Mettur,627436
261,Minatchipuram,627001
262,Moolaikadu,627113
263,Mudaliarpatti,627423
264,Mukkudal,627601
265,Mukkudal Vadakku,627601
266,Mulaikaraipatti,627354
267,Mullikulam,627755
268,Munanjipatti,627355
269,Mundradaippu,627152
270,Munnirpallam,627356
271,Murugankurichi (tvl),627002
272,Muthammalpuram,627951
273,Muthukrishnapuram,627751
274,Muthumathanmonmozhi,627651
275,Muvirunthali,627951
276,Naduchalaiputhur,627107
277,Naduvakrichi,627351
278,Naduvakurichi,627862
279,Nagaram,627755
280,Nainaragaram,627804
281,Nakkaneri,627111
282,Nallankulam,627101
283,Nallur,627853
284,Nalumukku,627427
285,Nambinagar,627108
286,Nambithalaivanpattaiyam,627115
287,Nanajankulam,627357
288,Nanguneri,627108
289,Naranammalpuram,627357
290,Naranapuram,627760
291,Narasinganallur,627604
292,Navaladi,627657
293,Nelkattumseval,627758
294,Nettur,627854
295,Nochikulam,627755
296,Northachampatti,627951
297,Odaimarichan,627602
298,Oothu,627427
299,Padalaiyarkulam,627501
300,Padmaneri,627502
301,Palavoor,627121
302,Palayankottai,627002
303,Palayankottai Courts,627002
304,Palayankottai High grounds,627011
305,Pallaikottai,627357
306,Pambukoilshandy,627862
307,Panagudi,627109
308,Panaiyur,627761
309,Panankulam,627152
310,Panavadalichatram,627956
311,Pandapuli,627753
312,Panpuli,627807
313,Panrimalai,627110
314,Papanasam Mills,627422
315,Papanasam Project,627551
316,Papanasam Upper dam,627551
317,Pappagudi,627602
318,Pappankulam,627110
319,Parameswarapuram,627111
320,Parankundrapuram,627859
321,Parappadi,627110
322,Paruthipadu,627354
323,Paruvakkudi,627753
324,Pathai,627501
325,Pattakurichi,627814
326,Pattamadai,627453
327,Pavoorchatram,627808
328,Pazhankottai,628552
329,Periyakoilankulam,627953
330,Periyapillaivalasi,627810
331,Periyur,627761
332,Perumalpatti,627753
333,Perumalpuram,627007
334,Perumanal,627106
335,Perumkottur,627756
336,Perumpattur,627756
337,Perungudi,627105
338,Pethanadarpatti,627808
339,Pettaikulam,627654
340,Pillaiyarkulam,627201
341,Piranjeri,627352
342,Piranur,627809
343,Pogai,627756
344,Poigai,627856
345,Ponnakudi,627151
346,Poolankudiyiruppu,627813
347,Poolankulam,627415
348,Pottal,627416
349,Pottalpudur,627423
350,Pudupatti,627851
351,Pudur,627851
352,Puliyangudi,627855
353,Puliyangudi Bazaar,627855
354,Puliyara,627813
355,Puliyurkurichi,627102
356,Pungampatti,627415
357,Pushpavanam,627109
358,Radhapuram,627111
359,Rajagopalaperi,627861
360,Rajakkamangalam,627101
361,Rajakrishnapuram,627114
362,Rajapandi,627806
363,Rajaputhukudi,627352
364,Rajavallipuram,627359
365,Ramakrishnapuram,627129
366,Ramanathapuram(snl),627756
367,Ramanathapuram(vsd),627760
368,Ramasamipuram,627755
369,Ramayanpatti,627358
370,Ravanasamudram,627424
371,Reddiapatti,627753
372,Reddiarpatti,627051
373,Rengasamudram,627413
374,Royagiri,627764
375,Rukmaniammalpuram,627860
376,Sadayappapuram,627601
377,Salainainarpallivasal,627107
378,Samadanapuram,627002
379,Samaria,627657
380,Sambakulam,628552
381,Sambavarvadakarai,627856
382,Samugarengapuram,627112
383,Sangupuram,627761
384,Sankanaperi,627758
385,Sankanapuram,627114
386,Sankankulam,627118
387,Sankarankovil,627756
388,Sankarankovil Bazaar,627756
389,Sankarnagar,627357
390,Santhinagar,627002
391,Sathirakondan,627756
392,Sattupathu,627416
393,Sayamalai,628552
394,Seelathikulam,627112
395,Seethaparpanallur,627012
396,Seliyanallur,627352
397,Sembankulam,627412
398,Sengalakurichi,627102
399,Sengottai,627809
400,Sengottai Rs,627810
401,Sengulam,627152
402,Sennikulam,627753
403,Senthattiapuram,627753
404,Senthimanagalam,627358
405,Serndamangalam,627857
406,Servaikaranpatti,627415
407,Servalar Camp,627551
408,Sethurayanputhur,627358
409,Settikulam,627124
410,Sevalkulam,627754
411,Shenbagaramanallur,627108
412,Singamparai,627601
413,Singampathu,627501
414,Singampatti,627416
415,Singaneri,627108
416,Singikulam,627152
417,Sippiparai,627713
418,Sivagiri,627757
419,Sivagiri South,627757
420,Sivagurunathapuram,627859
421,Sivalaperi,627361
422,Sivalarkulam,627853
423,Sivanadanur,627808
424,Sivandipuram,627425
425,Sivanthipatti,627011
426,Sivasailam,627412
427,Soundarapandiapuram,627113
428,Srigomathipuram,627756
429,Sriregunathapuram,627109
430,Subbulapuram,627753
431,Sundapandiapuram,627858
432,Sundaresapuram,627751
433,Surandai,627859
434,Surangudi,627108
435,Suttamally,627604
436,Suviseshapuram,627652
437,T.N.puthukudi,627855
438,T.Vijayanarayanam,627118
439,Tachanallur,627358
440,Tana,627425
441,Taruvai,627356
442,Tenkasi,627811
443,Tenkasi Rs,627811
444,Tenkulam,627357
445,Tenmalai,627770
446,Terku Vallioor,627117
447,Terkukallikulam,627113
448,Terkukarungulam,627114
449,Thalaivankottai,627773
450,Thannuthu,627857
451,Theertharappapuram,627423
452,Thenpothai,627810
453,Therku Madathur,627423
454,Therkupappankulam,627416
455,Therkupatti,627201
456,Thidiyur,627152
457,Thirumalapuram,627857
458,Thiruppudaimarudur,627426
459,Thiruvettanallur,627855
460,Thiruviruthanpulli,627414
461,Thottakudi,627151
462,Thulukkarpatti,627101
463,Thuppakudi,627423
464,Timmarajapuram,627353
465,Tippanampatti,627808
466,Tirukurungudi,627115
467,Tirumalapuram,627355
468,Tirunelveli,627001
469,Tirunelveli Collectorate,627009
470,Tirunelveli East,627006
471,Tirunelveli Merku,627006
472,Tirunelveli Nagarmandram,627001
473,Tirunelveli Pettai,627004
474,Tirunelveli Pettai east,627004
475,Tirunelveli R.s,627001
476,Tirunelveli Terku,627006
477,Tirunelveli Town,627006
478,Tiruppanikarisalkulam,627010
479,Tiruvembalapuram,627130
480,Tiruvengadam,627719
481,Tiruvengadanathapuram,627103
482,Tisayanvillai,627657
483,Tondar Bazar,627001
484,Tulukkapatti,627602
485,Uchankulam,627425
486,Ukkirankottai,627202
487,Umaithalaivanpatti,627719
488,Unnankulam,627108
489,Urkad,627416
490,Urmelalagian,627852
491,Urumankulam,627654
492,Uthankulam,627857
493,Uthayathur,627111
494,Uthumalai,627860
495,Uvari,627658
496,V.M.chatram,627011
497,Vadakangulam,627116
498,Vadakarai,627812
499,Vadakaraikilpidagai,627812
500,Vadakku Ariyanayagipuram petta,627603
501,Vadakku Veppilangulam,627131
502,Vadakkupudur,627756
503,Vadalivilai,627117
504,Vadamalapuram,627755
505,Vadanathampatti,627862
506,Vadi,627861
507,Vaduganpatti,627010
508,Vadugapatti,627757
509,Vadukatchimadil,627102
510,Vagaikulam,627202
511,Vairavikulam,627416
512,Valasai,627857
513,Vallam,627817
514,Valliammalpuram,627117
515,Vallioor,627117
516,Vallioor Perundunilayam,627117
517,Vannarpettai,627003
518,Vannikonendal,627954
519,Varaganur,626140
520,Vasudevanallur,627758
521,Vavanagaram,627812
522,Veeranam,627861
523,Veeriruppu,627755
524,Vellakal,627806
525,Vellakulam,627719
526,Vellalankulam,627857
527,Vellanaikottai,627758
528,Vellankuli,627426
529,Vellapaneri,628552
530,Vengadampatti,627415
531,Venkatarayapuram,627118
532,Venkateswarapuram,627867
533,Veppankulam,627352
534,Vickramasingapuram,627425
535,Vijaya Achampadu,627652
536,Vijayanarayanam,627118
537,Vijayanarayanam Naval base,627119
538,Vijayapathi,627104
539,Virakeralmpudur,627861
540,Viraraghavapuram,627001
541,Virasigamani,627862
542,Viravanallur,627426
543,Viswanathaperi,627763
