SNO,Location,Pincode
1,A K padavedu,606905
2,Adaiyur,606604
3,Adamangalam,606901
4,Adanur,632317
5,Adiannamalai,606604
6,Adiyanur,604403
7,Agraharapalayam,632314
8,Akkur,631701
9,Alathur,604408
10,Allialamangalam,606904
11,Allikondapattu,606753
12,Alliyandal,604503
13,Ammapalayam,632315
14,Ammayapattu,604408
15,Amudur,604405
16,Ananthapuram,632315
17,Anaputhur,604401
18,Andampallam,606804
19,Andipattu,606703
20,Anmarudai,604504
21,Anukkavur,604401
22,Aradapattu,606806
23,Arasampattu,606807
24,Arasanipalai,631702
25,Arasankanni,606703
26,Arasur,604408
27,Arattavadi,606709
28,Arayalam,632326
29,Ariyapadi,632314
30,Arjunapuram,606905
31,Arni,632301
32,Arni Bazar,632301
33,Arni Fort,632301
34,Arpakkam,606752
35,Arudirapattu,606806
36,Arugavur,604407
37,Arunagirichatram,632301
38,Athimoor Tindivanam,606803
39,Athipadi,606708
40,Athipattu(t),635703
41,Athipet,635703
42,Athurai,606902
43,Athuvambadi,606907
44,Attiyanur,635703
45,Avaniapuram,604504
46,Avur,606755
47,Ayalpadi,604505
48,Ayyampalayam,606603
49,Ayyankulam,606601
50,Azhividathangi,604402
51,Badur,604403
52,Banambattu,606908
53,Bhimarapatti,606708
54,Brammadesam,632511
55,Budamangalam,606902
56,C Nammiandal,606702
57,Chellankuppam,606755
58,Chengam,606701
59,Chennasamudram,606701
60,Chettupattu Polur,606801
61,Chevur,632316
62,Cheyyar,604407
63,Cheyyatrai Venran,604401
64,Chinnaelacheri,631702
65,Chinnakallapadi,606806
66,Chinniampettai,606708
67,Chithathur,604410
68,Chitragavur Pudur,604501
69,Desur,604501
70,Devanambattu,606802
71,Devanur,606806
72,Devikapuram,606902
73,Dusi,631702
74,Echur,604404
75,Edathanur,606707
76,Elangunni,606703
77,Elanirkundram,604401
78,Elathur,606906
79,Elayankanni,606753
80,Embalam,604406
81,Endal,604502
82,Eraiyur,606704
83,Erumaivetti,604401
84,Erumbur,604404
85,Erumpoondi,604601
86,Esanyamadam,606604
87,Ettivadi,606907
88,Gangapattu,606804
89,Gangavaram,606901
90,Gudalur,606755
91,Gunikanthur,635703
92,Hasanamapettai,604402
93,Ilangadu,604408
94,Inamkariyandal,606604
95,Indiravanam,632313
96,Injimedu,604503
97,Irumbedu,604403
98,Isukkalikatteri,606804
99,Jamanamarathur,635703
100,Japthikarani,604406
101,Japthikariandal,606702
102,Kadagaman,606804
103,Kadaladi,606908
104,Kadambai,604502
105,Kadavaratti,604502
106,Kaduganur,604503
107,Kaganam,604410
108,Kalambur,606903
109,Kalasamudram,632311
110,Kalasapakkam,606751
111,Kalasthambadi,606805
112,Kaliyur,604407
113,Kallarai Padi,606702
114,Kallathur,606710
115,Kallayee Sorathur,606754
116,Kalnagar,606601
117,Kalur,606751
118,Kalvasal,606903
119,Kamakkur,606903
120,Kanalapadi,606611
121,Kangeyanur,606803
122,Kanji,606702
123,Kannamangalam,632311
124,Kannamangalam Bazaar,632311
125,Kanthapalayam,606901
126,Kappalur,606751
127,Karapattu,606705
128,Karapundi,606803
129,Kariamangalam,606709
130,Karkonam,606751
131,Karungalikuppam,604601
132,Kasthambadi,606903
133,Kattampoondi,606806
134,Kattukanur,632312
135,Kattumalayanur,606804
136,Kayambattu,606701
137,Kelur,606907
138,Kesavapuram,606905
139,Kettavarampalayam,606901
140,Kidampalayam,606901
141,Kikkalur,604601
142,Kilaiyur,606710
143,Kiliyapattu,606604
144,Kilkarippur,606755
145,Kilkodungalur,604403
146,Kilkovalavedu,604404
147,Kilkuppam,606705
148,Kilnachipattu,606611
149,Kilnamandi,604501
150,Kilnarma,604403
151,Kilpaliyapattu,606704
152,Kilpalur,606908
153,Kilpennathur,604601
154,Kilputhur,604501
155,Kilsirupakkam,606707
156,Kilvanakkambadi,606707
157,Kilvillivalam,604408
158,Kodanagar,604407
159,Kodanallur,604405
160,Kodiyalam,604406
161,Kolakkaravadi,606805
162,Kolakudi,606806
163,Kolappalur,632313
164,Kolundampattu,606706
165,Konalur,606755
166,Korakai,604409
167,Kothandavadi,606752
168,Kottai,604403
169,Kovilur,604404
170,Krishnapuram,606905
171,Kulathur,606755
172,Kunnakampoondi,604501
173,Kunnathur,604402
174,Kunnathur Arni,632314
175,Kuppam,632311
176,Kuppanatham,606710
177,Kuruvimalai,606751
178,Kuthanur,604402
179,Kuttakarai,635703
180,Kuttar,606708
181,Kuttathur,635703
182,Kuvalai,604403
183,Kuyilam,606710
184,Ladavaram,606751
185,Madipakkam,631701
186,Madurampattu,606804
187,Mahamayee Tirumani,604501
188,Malamanjanur,606708
189,Malappambadi,606611
190,Malayur,604502
191,Maligaipattu,604409
192,Mallavadi,606805
193,Mamandur,632317
194,Mamandur Kanchipuram,631702
195,Mambattu,606803
196,Mandakolathur,606904
197,Mandaparai,635703
198,Mangalam,606752
199,Manganallur,604408
200,Mansurabad,606902
201,Marudadu,604405
202,Maruthuvambadi,606802
203,Maruthuvampadi,606801
204,Matam,604502
205,Mathur,631701
206,Mavalavadi,604406
207,Mekkalur,604601
208,Melachery,604502
209,Melarvandavadi,606703
210,Melathangal,606807
211,Melchengam,606703
212,Melchengam West,606703
213,Melma,604408
214,Melmattaivinnamangalam,604503
215,Melmudiyanur,606704
216,Melnachipattu,606704
217,Melnagar,632315
218,Melnemili,604505
219,Melpadur,606702
220,Melpallipattu,606703
221,Melpathi,604505
222,Melpattu (t),635703
223,Melpennathur,606704
224,Melpuludiyur,606709
225,Melsilambadi,635703
226,Melsishamangalam,604504
227,Melsolankuppam,606901
228,Melvanakakambadi,606703
229,Menalur,631702
230,Meyyur,606753
231,Modaiyur,606902
232,Molugampundi,632317
233,Moongilthuraipattu,605702
234,Morakkannianur,606801
235,Moranam,604407
236,Mosavadi,604503
237,Mottakkal,606708
238,Mukkur,604409
239,Mukkurumbai,606903
240,Mullandrum,632512
241,Mullipattu,632316
242,Munnurmangalam,606705
243,Munugapattu,604504
244,Murugapadi,606803
245,Murukattampundi,604407
246,Nachamalai,635703
247,Nachipattu,606709
248,Nadukuppam,606903
249,Nallavanpalayam,606603
250,Nallur,604406
251,Namandi,604410
252,Namathodu,632313
253,Nambedu,604505
254,Naraiyur,606754
255,Narasingapuram,606902
256,Narayanakuppam,606708
257,Narayanamangalam,632313
258,Nariyapattu,606753
259,Natteri,632511
260,Navalpakkam,604503
261,Nayudumangalam,606802
262,Nedumbarai,604407
263,Nedungunam,606807
264,Neepathurai,606703
265,Neivanatham,606754
266,Nelliyankulam,604405
267,Nerkunam,604406
268,Nesal,632316
269,Nirmalarani Colony,606801
270,Nookambadi,606752
271,Northampoondi,606802
272,Odalavadi,632326
273,Olaipadi,606754
274,Onnupuram,632315
275,Oorgoundanur,606710
276,Osur,604405
277,P Quilam,606708
278,Pachal,606704
279,Padagam,606904
280,Padiagraharam,606705
281,Paiyur,632317
282,Pakkiripalayam,606709
283,Palamarathur,635703
284,Palampettai,606801
285,Palanandal,606752
286,Palankoil,606751
287,Palavalam,606754
288,Palayanur,606753
289,Palli,604407
290,Pallikondapattu,606611
291,Panaiyur,632518
292,Pandithapattu,606603
293,Pappanthangal,604407
294,Paramanandal,606710
295,Parasur,604409
296,Parayampattu,606753
297,Pathiyavadi,606751
298,Pattaraikadu,635703
299,Pavithiram,606806
300,Pelasur,606803
301,Pennattagaram,604406
302,Periagaram,606803
303,Periyakilambadi,606802
304,Periyakolapadi,606704
305,Pernamallur,604503
306,Perumanam,606806
307,Perumpalai,604401
308,Perungulathur,604407
309,Perunkolathur,606708
310,Perunthuraipattu,606753
311,Pillanthangal,604410
312,Pinjur,606709
313,Polur,606803
314,Polur Town,606803
315,Ponnur,604408
316,Poosimalaikuppam,632512
317,Porkunam,606802
318,Potharai,606803
319,Pudupalayam,631702
320,Pudupattu,606710
321,Pudur Chekkadi,606708
322,Pudur Chengam,606705
323,Pulavanpadi,606903
324,Pulivalam- Sunaipattu,632511
325,Pulivanandal,606904
326,Puliyampatti,606703
327,Puliyur (t),635703
328,Pundi Polur,606751
329,Punganbadi,606903
330,Purisai,604401
331,Puthur,632512
332,R.Kunnathur,606803
333,Radhapuram,606707
334,Ragunathapuram,632316
335,Ragunathasamudram,604503
336,Rajapalayam,606755
337,Ramakrishnapuram,604402
338,Ramanathapuram,606905
339,Randam,604407
340,Rattinamangalam,632316
341,Rayampettai,604601
342,Rayandapuram,606708
343,Reddiarpalayam,606708
344,S Sorpanandal,606706
345,Saduperipalayam,606907
346,Saidapettai Arni,632301
347,Salukkai,604408
348,Salvedu,604403
349,Sanikkavadi,606803
350,Sanipundi,606755
351,Santhavasal,606905
352,Sathanur,606706
353,Sathanurdam,606706
354,Sathapundi,604501
355,Sathiyavizayanagaram,632317
356,Sattuvanthangal,632511
357,Sedarampattu,632315
358,Semmambadi,632313
359,Semmiyamangalam,606904
360,Senal,604406
361,Sengadu,604505
362,Sengattankundil,604407
363,Sengunam,606803
364,Sennavaram,604408
365,Serpapattu,606753
366,Sevarapundi,606902
367,Shronavalpakkam,604408
368,Sirumur,632314
369,Sirunathur,604601
370,Siruvallur,606906
371,Somasipadi,606611
372,Sorakolathur,606802
373,Sozhavaram,631701
374,Srinivasaudayanavaram,632314
375,Sriramanashramam,606603
376,Su Andapattu,606806
377,Su Papambadi,606806
378,Su Valavetti,606806
379,Sumangali,604402
380,Susainagar,632326
381,Tandarai,606804
382,Tandarampattu,606707
383,Tanipadi,606708
384,Taradapattu,606707
385,Tellar,604406
386,Tellur,632313
387,Thaiyar,604406
388,Thalavanaickenpettai,606701
389,Thatchambadi,606902
390,Thatchampattu,606806
391,Thatchur,632326
392,Thenelapakkam,604408
393,Thenkarimbalur,606753
394,Thenmahadevamangalam,606908
395,Thenmathur,606603
396,Thenmudiyanur,606707
397,Thennagaram,606802
398,Thennampattu,632511
399,Thennankur,604408
400,Thennathur,604501
401,Thenpallipattu,606751
402,Therasapuram,604406
403,Thethurai,604408
404,Thittandapattu,606701
405,Thorapadi,606704
406,Thozhupedu,604409
407,Thukkapettai,606709
408,Thumbakkadu,606803
409,Thumbur,606902
410,Tirumala,606907
411,Tirumani,604504
412,Tirumpundi,604404
413,Tiruppanangadu,604410
414,Tirusur,606803
415,Tiruvadathanur,606708
416,Tiruvannamalai,606601
417,Tiruvannamalai Bazaar,606601
418,Tiruvannamalai Rs,606601
419,Tiruvettipuram,604407
420,Tiruvettipuram Cutcherry,604407
421,Turinjapuram,606805
422,Ukkal,631701
423,Ulagampattu,606801
424,Ulundai,604403
425,Vadailluppai,632511
426,Vadakalpakkm,631702
427,Vadamadimangalam,606907
428,Vadamanapakkam,604402
429,Vadamathur,606702
430,Vadathinnalur,604409
431,Vadavanakambadi,604505
432,Vadugasathu,632316
433,Vaipur,606754
434,Valavachanur,606753
435,Valayampattu,606701
436,Valkadai,604409
437,Vallam Arni,604505
438,Vallam Kannamangalam,632311
439,Vallivagai,606752
440,Valudalangunam,604601
441,Vanapuram,606753
442,Vandavasi,604408
443,Vandavasi Cutcherry,604408
444,Vannankulam,632315
445,Varagur,606753
446,Vasudevampattu,606704
447,Vasur,606803
448,Vayalamoor,604406
449,Vayalur,604501
450,Vazhiyur,632315
451,Vazhur,604405
452,Vedal,604501
453,Vedanatham,606611
454,Vedanthavadi,606752
455,Veeppambattu,606807
456,Veerambakkam-pudur,604408
457,Veeranandal,606705
458,Veerappanur,635703
459,Velapadi,632317
460,Velayampakkam,606753
461,Velleri,632317
462,Velliambakkam,604403
463,Vellur,606905
464,Veluganandal,606802
465,Vembakkam,604410
466,Vengalathur,604410
467,Vengaram,604408
468,Vengikkal,606604
469,Veppurchekkadi,606706
470,Veraiyur,606806
471,Vethajipuram,632507
472,Vettavalam,606754
473,Vettiyantholuvam,632314
474,Vilapakkam,606904
475,Vilvarani,606906
476,Vinnamangalamarni,632316
477,Vinnavadi,604407
478,Viralur,606901
