SNO,Location,Pincode
1,A.A. college,621201
2,A.Pudupatti,621308
3,Abinimangalam,621007
4,Adavathur,620102
5,Adhanur,621014
6,Adhigaram,621314
7,Administrative Office(bhel),620014
8,Agalanganallur,621712
9,Alagagoundanpatti,621310
10,Alagapuri,621210
11,Alagarai,621209
12,Alagiamanavalam,621005
13,Alambadi,621722
14,Alambakkam,621711
15,Alangudi Mahajanam,621702
16,Alathudayanpatti,621003
17,Alathur,620011
18,Alipatti,621306
19,Allur,620101
20,Alundalaipur,621651
21,Amayapuram,621307
22,Ambikapuram,620004
23,Ambil,621702
24,Ammangudi,621208
25,Ammapatti,621014
26,Amur,621221
27,Anampatti,621312
28,Andanallur,639101
29,Angarai,621703
30,Angiyam,621210
31,Aniyapur,621307
32,Annanagar,620026
33,Appanallur,621208
34,Arachi,621214
35,Arangoor,621215
36,Arasalur,621203
37,Arasangudi,620013
38,Ariyamangalam,620010
39,Ariyavur,620009
40,Ariyur,621702
41,Asoor,620015
42,Athigudi,621702
43,Avarampatti,621307
44,Ayanporuvai,621308
45,Ayyampalayam,621202
46,Ayyampatti,620015
47,B.Mettur,621003
48,Baderpettai,621001
49,Balakrishnampatti,621003
50,Balasamudram,621203
51,Bharathidasan University,620024
52,Bheemanagar,620001
53,Bikshandarkoil,621216
54,Boiler Project - tr,620014
55,C Sector (bhel) - tr,620014
56,C.Ayyampalayam,621005
57,Chettiapatti,621307
58,Chinnakodunthurai,621202
59,Chinnapallipalayam,621207
60,Chithanatham,621306
61,Cholanganallur,621213
62,Clock Tower,620008
63,Craw Ford colony,620012
64,Devanur,621214
65,Devarappampatti,621206
66,Devimangalam,621112
67,Edamalaipatti Pudur,620012
68,Edangimangalam,621712
69,Edumalai,621007
70,Elamanam,621315
71,Elangakurichi,621302
72,Endapuli,621310
73,Erakudi,621001
74,Esanakorai,621218
75,Ettarai,639103
76,Evur,621202
77,Fathimanagar,620012
78,Firka Kilaiyur,621312
79,Golden Rock,620004
80,Golden Rock market,620004
81,Golden Rock north,620004
82,Govindapuram,621008
83,Gunasilam,621204
84,Gundur,620007
85,Hapf Township,620025
86,Ikkaraikosikurichi,621314
87,Inamkulathur R.s.,621303
88,Inamponnambalapatti,621315
89,Inampuliyur,639103
90,Industrial Colony,620010
91,Irungalur,621105
92,Iyyampalayam,621206
93,Jadamangalam,621214
94,Jainagar,620014
95,Jamal Mohamed college,620020
96,Jambumadai,621214
97,Jambunathapuram,621205
98,Jayankondam,621205
99,Jiyapuram,639101
100,K.K.nagar,620021
101,K.Palayam,621206
102,K.Periyapatti,621306
103,K.Sathanur,620021
104,Kaduvetti,621207
105,Kalingamudayanpatti,621008
106,Kalingapatti,621308
107,Kaliyampatti,621014
108,Kalladipatti,621014
109,Kallagam,621653
110,Kallakudi North,621652
111,Kallakudi Tr,621651
112,Kallupatti,621304
113,Kalpalayam,621005
114,Kalpatti,621315
115,Kamalapuram,621215
116,Kamarajanagar,620010
117,Kamarajapuram (bhel),620014
118,Kambarasampettai,620101
119,Kanakiliyanallur,621651
120,Kanjanaickenpatti,621314
121,Kannakudi,621711
122,Kannanur,621206
123,Kannivadugapatti,621310
124,Kannudayanpatti,621306
125,Kannuthu,621315
126,Karaipatti,621314
127,Karattampatti,621014
128,Kargudi,621210
129,Karikali,621210
130,Kariyamanickam,621005
131,Karumakavundanpatti,621307
132,Karumalai,621314
133,Karungulam,621315
134,Karuppur (manaparai),621310
135,Kattanampatti,621206
136,Kattukulam,621009
137,Kattuputhur,621207
138,Kattur Puvalur,621706
139,Keelarasur,621653
140,Khajamalai Colony,620020
141,Khajanagar,620023
142,Kidaram,621207
143,Kilakalkandarkottai,620011
144,Kilakunnupatti,621004
145,Kilakurichi,620011
146,Kilianallur,621213
147,Kinathur,621002
148,Kirambur,621002
149,Kodiyalam,639115
150,Kodumbapatti,621308
151,Kolakkudi,621208
152,Konalai,621132
153,Konappampatti,621208
154,Kondayampettai,620005
155,Konnagudi,621702
156,Koothapar,620013
157,Koppampatti,621012
158,Koppu,639103
159,Kothampatti,621206
160,Kottaiyur,621001
161,Kottapalayam,621003
162,Kottathur,621004
163,Kovandakurichi,621711
164,Kovathakudi,621005
165,Kovilpatti,621305
166,Kovilur,621715
167,Kulumani,639103
168,Kumaravadi,621302
169,Kumaravayalur,620102
170,Kumulur,621712
171,Kunjaram,607201
172,Kurichi,621002
173,Kuthur,621216
174,Lalgudi,621601
175,M.Pudupatti,621211
176,M.Puthur,621203
177,Mahadevi,621214
178,Malaiadivaram,620013
179,Malayadipatti,621307
180,Malliampattu,620102
181,Malvoy,621652
182,Malvoy Kannanur,621652
183,Mambarai,621006
184,Manachanalloor,621005
185,Manachanalloor North,621005
186,Manakkal,621703
187,Manalodai,621002
188,Manamedu,621209
189,Manaparai,621306
190,Manaparai R.s,621306
191,Mangalam,621205
192,Manikandam,620012
193,Maniyankurichi,621310
194,Manjampatti,621307
195,Mannarpuram,620020
196,Manthurai,621703
197,Maradi,621003
198,Marudur,621112
199,Marungapuri,621308
200,Maruthandakurichi,620102
201,Maruvathur,621002
202,Mavilipatti,621205
203,Mekkudi,639101
204,Melakalkandarkottai,620011
205,Melaperungavur,621218
206,Melarasur,621652
207,Melavalady,621218
208,Melur,620006
209,Mettupalayam,621210
210,Mettupatti,621211
211,Minnathampatti,621215
212,Mohavanur,621302
213,Moovanur,621006
214,Mullal,621706
215,Murukkur,621008
216,Murungai,621207
217,Murungai Kalathur,621207
218,Musiri,621211
219,Mutalvarapatti,621305
220,Muthapudayanpatti,621306
221,Mutharasanallur,620101
222,Muthiyampalayam,621004
223,N.Poolampatti,621302
224,Nachilipatti,621011
225,Nadupatti,621315
226,Naduvalur,621004
227,Nagaiyanallur,621207
228,Nagalapuram,621002
229,Nagamanaickenpatti,621001
230,Nagamangalam,620012
231,Naganallur,621012
232,Nagar,621703
233,Nallampillai,621307
234,Natarajapuram,620013
235,Natham Balasamudram,621127
236,Nathamangudi,621711
237,Navalpattu,620016
238,Navalurkottapattu,620009
239,Nedungur,621105
240,Neeliampatti,621208
241,Neikuppai,621111
242,Neiveli,621217
243,Nettavelampatti,621003
244,Nochiam,621216
245,Nungavaram,639110
246,Odayalampudur,621215
247,Oddampatti,621008
248,Okkarai,621022
249,Omandur,621006
250,Ordnance Estate - tr,620016
251,P & t colony,620020
252,Pachaperumalpatti,621015
253,Pagalavadi,621014
254,Paganur,620009
255,Paithamparai,621205
256,Palakarai,620008
257,Palakurichi,621308
258,Palanganangudi,620025
259,Palayakottai,621302
260,Palayapalayam,621314
261,Pallakadu,620102
262,Pallapuram,621712
263,Pallividai,621112
264,Paluvanji,621305
265,Pannankombu,621306
266,Pannipatti,621302
267,Pappakurichi Kattur,620019
268,Pathalapettai,620013
269,Perahambi,621104
270,Peramangalam,621006
271,Periavarsili,621218
272,Periya Anaikaraipatti,621315
273,Periyakurukkai,621105
274,Periyamangalam,621011
275,Perugamani,639115
276,Perumalpalayam,621016
277,Perur,621205
278,Peruvalanallur,621712
279,Peruvalappur,621651
280,Pettavaithalai,639112
281,Pidaramangalam,621207
282,Pillapalayam,621210
283,Pillupatti,621314
284,Piranpatti (manaparai),621305
285,Pirattiyur,620009
286,Poigaipatti,621306
287,Ponmalaipatti,620004
288,Ponnagar,620001
289,Ponnaiar Dam,621315
290,Ponniah School buildings,620001
291,Ponnusangampatti,621206
292,Poolancheri,621208
293,Poonampalayam,621009
294,Poosaripatti,621307
295,Porathakudi,621302
296,Pothamettupatti,621306
297,Pudukkottai (vaiyampatti),621315
298,Pudukottai,639112
299,Pudur,621002
300,Pudur Uthamanur,621712
301,Pudurpalayam,621711
302,Pukkathurai,621213
303,Pulangulathupatti,620009
304,Pulivalam,621006
305,Pullambadi,621711
306,Punjai Sangendai,621711
307,Purathakudi,621111
308,Pushpanagar,620001
309,Puthanampatti,621007
310,Puthanatham,621310
311,Puthur,621011
312,Puvalur,621712
313,R.Valavanur,621111
314,Rajampalayam,621005
315,Ramalinganagar South,620017
316,Ramjeenagar,620009
317,Ranjithapuram,620020
318,Reddiapatti,621001
319,Reddimangudi,621105
320,Regional Engineering college .,620015
321,Renganagar,620006
322,Rock Fort,620002
323,Salainagar,620003
324,Samayapuram,621112
325,Samudram,621306
326,Sangampatti,621001
327,Sathamangalam,621703
328,Sellipalayam,621002
329,Sembulichampatti,621002
330,Senappanallur,621001
331,Sengaraiyur,621702
332,Sengattupatti,621002
333,Sennakarai,621213
334,Senthannirpuram,620004
335,Sergudi,621208
336,Servaikaranpatti,621215
337,Sevalpatti,621314
338,Sevalur,621306
339,Shanamangalam,621104
340,Sikkathambur,621008
341,Silaipillaiyarputhur,621207
342,Sillakkudi,621653
343,Singalandapuram,621014
344,Sirathope,620102
345,Sircarpalayam,620010
346,Sirugamani,639115
347,Sirugambur,621213
348,Siruganur,621105
349,Sirukalappur,621651
350,Sirumayankudi,621706
351,Sirunavalur,621001
352,Sirupathur,621009
353,Sithambur,621204
354,Sittalarai,621211
355,Sivankoil,621703
356,Sobanapuram,621018
357,Somarasampettai,620102
358,Sorathur,621002
359,Srinivasanagar,620005
360,Srinivasanallur,621209
361,Sriramasamudram,621207
362,Srirangam,620006
363,Srirangam North,620006
364,Srirangam West,620006
365,Subramaniapuram,620020
366,Sundaikkai,621202
367,Sundararajanagar,620020
368,Surampatti,621208
369,Suriyur,620025
370,"T,pudupatti",621217
371,T.Baderpettai,621012
372,T.Idayapatti,621308
373,T.Murungaipatti,621012
374,T.Narasingapuram,621008
375,T.Renganathapuram,621002
376,T.Sathanur,621004
377,T.Valaiyur,621104
378,Tadakkavundanpatti,621305
379,Tappay,621651
380,Tattamangalam,621005
381,Tennur,620017
382,Tennur East,620017
383,Teppakulam,620002
384,Thachankurichi,621712
385,Thalakudi,621216
386,Thalamalaipatti,621215
387,Thalugaimangapattipudur,621012
388,Thandalai,621217
389,Thandalaiputhur,621217
390,Thanneerpallam,621011
391,Thathiengarpet,621214
392,Thavalaveeranpatti,621311
393,Thayanur,620102
394,Thenur (manaparai),621308
395,Thethur,621314
396,Thiagesaralai,621312
397,Thillai Nagar,620018
398,Thinnakonam,621202
399,Thinnanur,621006
400,Thinniam,621706
401,Thirumangalam,621703
402,Thirunarayanapuram,621203
403,Thiruthalaiyur,621217
404,Thiruvasi,621216
405,Thiruvengimalai,621209
406,Thiruverumbur,620013
407,Tholurpatti,621215
408,Thoppanaickenpatti,621315
409,Thottiam,621215
410,Thottiapatti,621305
411,Thulayanatham,621205
412,Thumbalam,621211
413,Thuvakudi,620015
414,Thuvakudimalai,620022
415,Thuvarankurichi,621314
416,Tiruchirappalli,620001
417,Tiruchirappalli Airport,620007
418,Tiruchirappalli Collectorate,620001
419,Tiruchirappalli Contonment,620001
420,Tiruchirappalli East,620008
421,Tiruchirappalli Fort,620008
422,Tiruchirappalli R.s.,620001
423,Tiruchirappalli Townhall,620002
424,Tirumanamedu,621218
425,Tirunedungulam,620015
426,Tirunellipatti,621310
427,Tirupanjili,621005
428,Tirupattur,621105
429,Tirupparaithurai,639115
430,Tiruthiamalai,621006
431,Tiruvalarsolai,620005
432,Tiruvanaikoil,620005
433,Tiruvellerai,621009
434,Todaiyur,621213
435,Top Sengattupatti,621011
436,Turaiyur,621010
437,Turaiyur Bus stand,621010
438,Turaiyur Extension,621010
439,Unniyur,621207
440,Uppliapuram,621011
441,Urakkarai,621214
442,Uthamaseri,620005
443,Uyyakondanthirumalai,620102
444,V.Periyapatti,621302
445,Vadamalaipatti,621214
446,Vadugarpet,621651
447,Vaiyampatti,621315
448,Valaiyeduppu,621205
449,Valaiyur,621005
450,Valaldi,621218
451,Valanadu,621308
452,Valasiramani,621214
453,Valavandankottai,620015
454,Valavandhi,621211
455,Valayapatti (manaparai),621302
456,Vallam,621710
457,Vandalaigudalur,621711
458,Varadarajapuram,621215
459,Varakuppai,621651
460,Vathalai Gudalur,621204
461,Veeramachampatti,621206
462,Veeramanipatti,621202
463,Velakkanatham,621217
464,Vellalapatti,621211
465,Velur,621104
466,Velur-ayyampalayam,621202
467,Vengadathanur,621002
468,Vengaikurichi,621307
469,Vengur,620013
470,Venkatachalapuram,621011
471,Venkatesapuram,621008
472,Viragalur,621722
473,Vishalakshi Ammal samudram,621001
474,Viswambalsamudram,621003
475,Vyrichettipalayam,621012
476,Woriur,620003
477,Woriur Bazaar,620003
478,Yagapuram,621314
479,Yelurpatti,621215
