SNO,Location,Pincode
1,Achankulam,628718
2,Adaikalapuram,628617
3,Adanur,628712
4,Agaram,628152
5,Ahilandapuram,628714
6,Akilandapuram,628401
7,Akkanaickenpatti,628302
8,Alagappapuram,628703
9,Alagesapuram,628002
10,Alampatti,628503
11,Alankinar,628704
12,Alanthalai,628221
13,Alwarkarkulam,628619
14,Alwarthope West,628612
15,Alwartirunagari,628612
16,Alwartirunagari West,628612
17,Amalinagar,628215
18,Ambalaseri,628701
19,Ammanpuram,628201
20,Anaiyur,628210
21,Anandapuram,628701
22,Anavaradanallur,628809
23,Anbinnagaram,628702
24,Aniaparanallur,628851
25,Appankoil,628612
26,Arampannai,628625
27,Ariyanayagipuram,628901
28,Arockiapuram,628002
29,Arumugamangalam,628802
30,Arumuganeri,628202
31,Arungulam,628712
32,Asirvathapuram,628613
33,Athalikulam,628621
34,Athichanallur,628621
35,Athikulam,628952
36,Athimarapatti,628005
37,Attankarai,628904
38,Autoor,628151
39,Avalnatham,628502
40,Ayyanaruthu,628952
41,Bommiahpuram,628907
42,Boothalapuram,628911
43,C.G.s. colony,628003
44,Campbellabad,628614
45,Cherakulam,628622
46,Chettikulam,628701
47,Chettikurichi,628552
48,Chidambaranagar,628008
49,Chinnamadankudiyiruppu,628617
50,Chinnamalaikundru,628902
51,Chockalingapuram,628104
52,Cruz Fernandespuram,628001
53,Dalavaipuram,628301
54,Duraisamypuram,628904
55,East Pandavarmangalam,628502
56,Ellanaickenpatti,628851
57,Eluvaraimukki,628617
58,Eppodumvendran,628712
59,Eral,628802
60,Ettaiyapuram,628902
61,G.V.n.kalluri,628502
62,Gibsonpuram,628002
63,Guruvarpatti,628904
64,Heavy Water project colony,628007
65,Idaichivilai,628656
66,Idaiseval,628716
67,Idaiyanvilai,628211
68,Idaiyarkadu,628802
69,Ilambuvanam,628902
70,Ilanganathapuram,628210
71,Ilavelangal,628723
72,Illupaiyurani,628502
73,Irachi,628720
74,Iruvappapuram,628251
75,Jambulingapuram,628402
76,Jerusalempatnam,628218
77,K. alankulam,627754
78,K.Duraisamypuram,628712
79,K.R.nagar,628503
80,K.Sivagnanapuram,628716
81,Kadakulam,628656
82,Kadalai,628724
83,Kadalkudi,628907
84,Kadambur,628714
85,Kadashapuram,628702
86,Kadayanodaiai,628614
87,Kailasapuram,628301
88,Kalangaraipatti,628721
89,Kalankudiyiruppu,628203
90,Kalinguvilai,628704
91,Kaliyavoor,628253
92,Kallamozhi,628206
93,Kalugachalapuram,628902
94,Kalugumalai,628552
95,Kalvilai,628210
96,Kalvoy,628622
97,Kamanaickanpatti,628720
98,Kanam,628201
99,Kandasamypuram,628911
100,Kappulingampatti,628714
101,Karadikulam,628552
102,Karisalkulam,628907
103,Karungulam,628615
104,Karunkadal,628613
105,Karuppur,626205
106,Karuvelampadu,628701
107,Katchanavilai,628618
108,Katcheri Dhalavaipuram,628401
109,Kattalangulam,628251
110,Kattalankulam,628721
111,Kattarimangalam,628613
112,Kayalpatnam,628204
113,Kayalpatnam Bazaar,628204
114,Kayamozhi,628205
115,Kayathar,628952
116,Keelaramasamypuram,628210
117,Keelashanmugapuram,628002
118,Keelatattaparai,628304
119,Keeranur,628151
120,Kilaarunachalapuram,628911
121,Kilairal,628908
122,Kilakarandai,628904
123,Kilamudiman,628401
124,Kilavaippar,628903
125,Kilavilathikulam',628907
126,Kollampirambu-dalavaipuram,628104
127,Kollankinar,628302
128,Kolunthuthattu,628653
129,Komarudappapuram,627953
130,Kombankulam,628704
131,Kommadikottai,628653
132,Kongarayankurichi,628624
133,Kootampuli,628103
134,Kootankadu,628203
135,Koppampatti,628720
136,Korampollam,628101
137,Korkai,628802
138,Kothalarivilai,628251
139,Kottali,628714
140,Kottarakurichi,628802
141,Kovankadu,628152
142,Kovilpatti,628501
143,Kovilpatti Indl.estate,628501
144,Kovilpatti North,628501
145,Kovilpatti R.s,628501
146,Kovilpatti Town,628501
147,Kulasekaranallur,628401
148,Kulasekarapatnam,628206
149,Kulasekarapatnam South,628206
150,Kulathur (tvl),628903
151,Kulayankarisal,628103
152,Kuppanapuram,628714
153,Kurangani,628623
154,Kurippankulam,628617
155,Kurukattur,628623
156,Kurukkuchalai,628722
157,Kurumalai,628714
158,Kurumbur,628207
159,Kuthiraimozhi,628213
160,L.Venkateswarapuram,628911
161,Lakshmimanagaram,628202
162,Lakshmipuram,628210
163,Levingipuram,628003
164,Lingampatti,628502
165,Madathur,628008
166,Madavankurichi,628206
167,Manaduthandapathu,628208
168,Manakad,628205
169,Manakarai,628619
170,Manapad,628209
171,Mangalagiri,628103
172,Maniyac R.s.,628302
173,Maniyakaranpatti,628911
174,Mannanvilai,628218
175,Manthithope,628502
176,Mappillaiyurani,628002
177,Maramangalam,628802
178,Maravanmadam,628101
179,Marudanvalvoo,628302
180,Masarpatti,626202
181,Mavilpatti,626202
182,Meenakshipuram,628907
183,Megnanapuram,628210
184,Mela Autoor,628151
185,Mela Tiruchendur,628205
186,Melaarasadi,628002
187,Melakootudankadu,628103
188,Melaputhukudi,628201
189,Melaseithalai,628722
190,Melatattaparai,628304
191,Melmandai,628901
192,Melur Tuticorin ( thoothukudi ),628002
193,Mettilpatti,628911
194,Meyoor,628203
195,Milavittan R s,628002
196,Millerpuram,628008
197,Mirankulam,628613
198,Moolakarai,628201
199,Moortheeswaram,628952
200,Mudalur,628702
201,Mudittanendal,628102
202,Mudittanendal Pudur,628102
203,Mudukkalankulam,628720
204,Mukkani,628151
205,Mukuperi,628616
206,Mullaakadu,628005
207,Muramban,628302
208,Murappanad,628252
209,Muthiahpuram,628005
210,Muthulapuram,628902
211,Nachiyarpuram,628721
212,Nadunallumoolaikinar,628213
213,Naduvakurichi,628251
214,Naduvirpatti,628902
215,Nagalapuram,628904
216,Nagampatti,628718
217,Naickerpatti,628552
218,Nainapuram,628402
219,Nalatinputhur,628716
220,Nallur,628207
221,Nallur-kommadikottai,628653
222,Nalumavadi,628211
223,Nambipuram,628902
224,Naraikinar,628302
225,Nathankinar,628205
226,Nattathi,628751
227,Nazareth,628617
228,Nazareth R s,628616
229,Nedungulam,628704
230,Neivilai,628618
231,New Colony,628003
232,Omarikadu,628151
233,Otapidaram,628401
234,Ottanatham,628302
235,Oyyangudi,628616
236,Padanthapuli,628902
237,Padanthapuli 2,628503
238,Padmanabamangalam,628619
239,Padukkapathu,628703
240,Palaniappapuram,628613
241,Palankulam,628701
242,Pallakurichi,628703
243,Pallipathu,628218
244,Pandarapuram,628704
245,Pandaravilai,628751
246,Panickanadarkudiyiruppu,628212
247,Pannaivilai,628751
248,Pannamparai,628704
249,Pannikulam,628952
250,Paraikuttam,628301
251,Parakkiramapandi,628620
252,Paramankurichi,628213
253,Parivillikottai,628717
254,Pasuvandanai,628718
255,Patemanagaram,628620
256,Pattakarai,628618
257,Pazhaiyalkayal,628152
258,Perilovanpatti,628911
259,Periyanayagipuram,628101
260,Periyasamipuram,628906
261,Periyathalai,628705
262,Perungulam,628752
263,Perur,628620
264,Peyanvilai,628223
265,Pillaiyanmanai,628617
266,Pillaiyarnatham,628721
267,Pitchivilai,628219
268,Polayarpuram,628653
269,Polenaikcenpettai,628002
270,Pothakalanvilai,628702
271,Pottalurani,628851
272,Puchikadu,628655
273,Pudiyamputhur,628402
274,Pudukottai,628103
275,Pudukulam,628704
276,Pudumanai,628203
277,Pudupatcheri,628402
278,Pudupatti,628851
279,Pudur,628911
280,Pugavarnatham,628908
281,Puliankulam,628613
282,Puliyampatti,628302
283,Punnakayal,628151
284,Punniahpuram,627855
285,Puraiyur,628214
286,Puthantharuvai,628656
287,Puthukudi,628621
288,Puthukudi 3rd mile,628008
289,Puvani,628302
290,Rajamaniapuram,628202
291,Ramachandrapuram,628907
292,Ramanujampudur,628622
293,Sahupuram,628229
294,Sakkammalpuram,628712
295,Sankaralingapuram,628904
296,Sankarankudiyiruppu,628704
297,Sankaraperi,628002
298,Satankulam,628704
299,Satankulam East,628704
300,Savalaperi,628302
301,Savariarkulam,628613
302,Savarimangalam,628301
303,Sawyerpuram,628251
304,Sebathiahpuram,628251
305,Seerkatchi,628208
306,Seerudaiyarpuram,628213
307,Sekkarakudi,628104
308,Semmapudur,628720
309,Semmarikulam,628210
310,Sendamangalam,628151
311,Sennamareddipatti,628911
312,Servaikaranmadam,628103
313,Sethukuvaithan,628207
314,Settiapathu,628203
315,Seydunganallur,628809
316,Sholpuram,628908
317,Sillankulam,628718
318,Siluvaipatti,628002
319,Sindalakarai,628902
320,Singathakurichi,628851
321,Sippikulam,628903
322,Sirunadarkudiyiruppu,628206
323,Siruthondanallur,628802
324,Sivagalai,628753
325,Sivagnanapuram,628726
326,Sivalarpatti,628911
327,Sokkankudiyiruppu,628653
328,Solaikudiyiruppu,628210
329,Sonaganvilai,628201
330,Srimoolakarai,628620
331,Sriparangusanallur,628621
332,Srivaikuntam,628601
333,Subbarayapuram,628702
334,Subramaniapuram,628205
335,Suganthalai,628207
336,Sundankottai,628703
337,Surangudi,628901
338,Swaminatham,628402
339,Tuticorin ( thoothukudi ),628001
340,Tuticorin ( thoothukudi ) cathedral,628001
341,Tuticorin ( thoothukudi ) central bus stand,628002
342,Tuticorin ( thoothukudi ) harbour estate,628004
343,Tuticorin ( thoothukudi ) keelur,628001
344,Taruvaikulam,628105
345,Tattaneri,628901
346,Tattaparai,628304
347,Tattarmadam,628653
348,Tennampatti,628714
349,Thailapuram,628617
350,Thalaikattupuram,628902
351,Thandavankadu,628206
352,Thatchanvilai,628656
353,Thathankulam,628622
354,Thenthiruperai,628623
355,Therikudiyiruppu,628228
356,Theripanai,628701
357,Therkankulam,628613
358,Therkkuilandaikulam,628952
359,Therku Autoor,628151
360,Therkusilukkanpatti,628103
361,Therkuvirapandiapuram,628002
362,Thermal Nagagr,628006
363,Thimmarajapuraam,628102
364,Thoppuvalam,628702
365,Tiruchendur,628215
366,Tiruchendur Devasthanam,628215
367,Tirukkalur,628612
368,Tirumaraiyur,628617
369,Tirupuliyangudi,628621
370,Toovipuram,628002
371,Tt. thermal power plant,628004
372,Turaiyur,628720
373,Udangudi Christianagaram,628203
374,Udayarkulam,628617
375,Umarikottai,628301
376,Uthiramadankudiyiruppu,628203
377,Uthupatti,628502
378,Uyarathukudiyiruppu,628703
379,V.Vedapatti,628907
380,Vadakkukariseri,628851
381,Vadakkur Tuticorin ( thoothukudi ),628001
382,Vadakkur(ksm),628206
383,Vadakkuvandanam,628714
384,Vadamalaisamudram,628907
385,Vaippar,628903
386,Valasakaran Vilai,628251
387,Vallakulam,628622
388,Vallanad,628252
389,Vallavallan,628802
390,Vallivilai,628218
391,Vanaramutti,628721
392,Varandiavel,628207
393,Varthagareddipatti,628102
394,Vasavappapuram,628252
395,Vedakottaivilai,628203
396,Vedanatham,628722
397,Vedapatti,628904
398,Velayuthapuram,628552
399,Vellalankottai,628952
400,Vellalanvilai,628219
401,Vellamadam,628617
402,Vellaram,628401
403,Velur,628621
404,Vembar,628906
405,Vembur,628911
406,Venkatesawarapuram,628552
407,Veppalodai,628903
408,Vetrivelpuram,628001
409,Victoria Extension road,628002
410,Vijayapuri,628502
411,Vijayaramapuram,628704
412,Vilathikulam,628907
413,Villiseri,628716
414,Viramanickam,628212
415,Virapandianpatanam,628216
416,Vittilapuram,628809
417,Vowalthothi,628904
418,Zamindevarkulam,628721
