SNO,Location,Pincode
1,A Kattupadi,632011
2,Abdullapuram,632010
3,Achamangalam,635651
4,Adiyur,635602
5,Agaram,635804
6,Agaram(tpt),635653
7,Agaramcherry,635804
8,Agraharam,635651
9,Akkachikuppam,632510
10,Alangayam,635701
11,Alankuppam,635814
12,Alapakkam,632508
13,Alasandapuram,635801
14,Alleri,632101
15,Ambalur,635801
16,Ambur,635802
17,Ambur Bazaar,635802
18,Amirdhi,632102
19,Ammanur,631002
20,Ammoor,632501
21,Ammundi,632519
22,Ampuram,632009
23,Anaikkattu,632101
24,Anaimallur,632507
25,Anaipakkam,631003
26,Anandhalai,632513
27,Ananganallore,635806
28,Ananthangal,632511
29,Andiappanur,635702
30,Angarankuppam,632204
31,Annangudi,632202
32,Anvardhikhanpet,632502
33,Appukal,632101
34,Arakkonam,631001
35,Arangaldurgam,635811
36,Arapakkam,632517
37,Aravatla,635810
38,Arcot,632503
39,Arcot Bazaar,632503
40,Arcot East,632503
41,Arcot West,632503
42,Arigilapadi,631151
43,Arimalai,632107
44,Ariyur,632055
45,Ariyur Spinning mills,632055
46,Arumbakkam,632202
47,Arumparuthi,632106
48,Arungundram,632509
49,Asamandhur,632502
50,Asanamabattu,632107
51,Ashoknagar,631001
52,Asiriyar Nagar,635601
53,Athiperumanur,635852
54,Athurkuppam,635815
55,Attupakkam,631051
56,Avarankuppam,635801
57,Ayal,632505
58,Ayarpadi,632531
59,Ayilam,632509
60,Ayipedu,631102
61,Bagayam,632002
62,Bakiyath,632004
63,Banavaram,632505
64,Bandarapalli,635854
65,Bheemakulam,635701
66,Bhel Ranipet,632406
67,Bhuvaneswaripet,632602
68,Bn Palayam,632202
69,Bommikuppam,635653
70,Bramhapuram,632014
71,Budur,632105
72,Bye Pass road,632009
73,Cmc,632002
74,Cmc H,632004
75,Chandrapuram,635651
76,Chendathur,635805
77,Chengalnatham,632520
78,Chennankuppam,632209
79,Chennasamudram,632506
80,Chettiappanur,635751
81,Chettikuppam,635806
82,Chikkanankuppam,635801
83,Chinnadamalcheruvu,635810
84,Chinnakandili,635901
85,Chinnakarumbur,635811
86,Chinnapalampakkam,632113
87,Chinnapallikuppam,632107
88,Chinnasamudram,635653
89,Chinnathottalam,635813
90,Chinnavarikam,635811
91,Chinnavattanur,635702
92,Chitteri,632002
93,Chittoor,635655
94,Cholavaram,632113
95,Christianpet,632058
96,Christukula Ashram,635602
97,Cutcherry Street,635601
98,Dakshinapathapalyaam,632603
99,Damalerimuthur,635853
100,Damarapakkam,632504
101,Dc Kuppam,632107
102,Devalapuram,635802
103,Devarishikuppam,632209
104,Devasthanam,635751
105,Dharanampet,632601
106,Dharnampet,632602
107,Durgam,632512
108,Eachangal,635801
109,East Badanavadi,635901
110,Edayansathu,632002
111,Ekambaranallur,632405
112,Ekhunagar,631004
113,Elagiri,635853
114,Elavambadi,632105
115,Elavampatti,635602
116,Eranthangal,632519
117,Erathangal,632601
118,Erayangadu,632104
119,Erikutti,635810
120,Eripudhur,632101
121,Eriyur,632103
122,Eriyur Amirdhi,632102
123,Erukkambattu,635810
124,Esayanur,632511
125,Federation Buildings,632509
126,G.B.nagar,632506
127,Ganapathipuram,631051
128,Gandhinagar,632006
129,Gandhinagar East,632006
130,Gandhinagar West,632006
131,Gandhipet - tpt,635601
132,Gandhiroad,632004
133,Ganganallur,632101
134,Gangapuram,635802
135,Girisamudram,635751
136,Gollamangalam,635809
137,Govindacherrykuppam,632505
138,Govindapuram,635751
139,Gr Palayam,632105
140,Gudalur,632510
141,Gudanagaram,635806
142,Gudimallur,632513
143,Gudiyattam,632602
144,Gudiyattam Cutcherry,632602
145,Gudiyattam Rs,635803
146,Gudiyattam South,632602
147,Gugainallore,632515
148,Gummidigampatti,635901
149,Gundaleri,632512
150,Guruvarajapalayam,632107
151,Guruvarajpet,631101
152,Hakeemnagar,632509
153,Ichiputhur,631003
154,Ilayanagaram,635754
155,Iluppaithandalam,631151
156,Ins Rajali,631006
157,Irunapattu,635702
158,Irungur,604407
159,Jaffarabad,635754
160,Jaffarapettai,632006
161,Jagirthandalam,631052
162,Jagirvalavanur,632511
163,Jambukulam,631102
164,Jamnapudur,635652
165,Jangalapuram,635852
166,Jawaharpuram,632503
167,Jayapuram,635651
168,Jolarpettai,635851
169,Jordhankollai,632113
170,Jothinagar,631003
171,Ka Farm,632007
172,Kadambainallore,631151
173,Kadaperi,632508
174,Kadhavalam,635811
175,Kadirimangalam,635602
176,Kagithapattarai,632012
177,Kainoor,631003
178,Kakankar R.s.,635654
179,Kalambattu,632202
180,Kalathur,632531
181,Kalavai,632506
182,Kalendira,635751
183,Kallapadi,632601
184,Kalmelkuppam,632501
185,Kamalapuram,635810
186,Kambugudi,635702
187,Kammasamudram,632319
188,Kammavanpettai,632319
189,Kandaneri,635809
190,Kandhipedu,632106
191,Kandili,635901
192,Kangeyanallur,632006
193,Kanguppam,632209
194,Kaniyambadi,632102
195,Kaniyanur,632506
196,Karai,632404
197,Karapattu,635811
198,Karasamangalam,632202
199,Karigiri,632106
200,Karikkal,631102
201,Karikkanthangal,632506
202,Karnambut,632519
203,Karnavur,631052
204,Karugambathur,632013
205,Karungali,635804
206,Karuppanur,635602
207,Kasba,632001
208,Kathari,635852
209,Katpadi,632007
210,Katpadi North,632007
211,Katrambakkam,632501
212,Kattazhambattu,632312
213,Kattipattu,632103
214,Kattupakkam,632502
215,Kattuputhur,632058
216,Kavalur,635701
217,Kavanur,632507
218,Kavasampattu,632204
219,Kaveripak,632508
220,Keerasathu,632514
221,Kesavanankuppam,631102
222,Kethandapatti,635815
223,Kethandapatti Sugar mills,635815
224,Khaderpet,635751
225,Kilalathur,635803
226,Kilandur,631003
227,Kilandurai,631002
228,Kilanur,635655
229,Kilarasampattu,632312
230,Kilkothur,632103
231,Kilkuppam,631004
232,Kilminnal,632517
233,Kilmurungai,635812
234,Kilmuttukur,632204
235,Kilpakkam,631003
236,Kilpatti,635805
237,Kilsaranakuppam,632102
238,Kilur,635655
239,Kilvayathinankuppam,632201
240,Kilveedhi,632502
241,Kilveeranam,632505
242,Kilvenkatapuram,631051
243,Kilvisharam,632509
244,Kizhavanam,631101
245,Kodakkal,631102
246,Kodayanchi,635801
247,Kodiyur,635851
248,Kodumampalli,635653
249,Kokkalur,635810
250,Kokkeri,632520
251,Kombai,635655
252,Konavattam,632013
253,Kondakuppam,632520
254,Kondapalayam,631102
255,Koranthangal,632106
256,Koratti,635602
257,Kosapet,632001
258,Kosavanpudur,635803
259,Kothakottai,635752
260,Kothamangalam,632104
261,Kothur,635854
262,Kottaiyur,635853
263,Kottamitta,632602
264,Kottur,635808
265,Kovilandur,632102
266,Krishnanagar,632001
267,Kumaramangalam,635802
268,Kumpinipet,631003
269,Kunnathur,632510
270,Kuppireddithangal,632516
271,Kurumbakeri,635653
272,Kurumberi,635652
273,Kurusilapattu,635702
274,Ladavaram,632503
275,Lakkinaickenpatti,635654
276,Lalapettai,635710
277,Latteri,632202
278,M Palayam,632001
279,Machanur,632209
280,Madanancherry,635754
281,Madanur,635804
282,Madavalam,635653
283,Mahendravadi,632502
284,Mahimandalam,632516
285,Mailpatti,635805
286,Malaiyandipatti,635655
287,Mallagunta,635852
288,Mallapalli,635854
289,Mambakkam,632318
290,Manamadurai,632502
291,Mandalanayanagunda,635901
292,Mandalavadi,635851
293,Mandarakuttai,635701
294,Mangalam,635853
295,Mangattucherry,631151
296,Manthangal,632402
297,Marimanikuppam,635710
298,Marudhalam,632501
299,Masigam,635810
300,Matrapalli,635652
301,Mazharyur,632506
302,Mecheri,632506
303,Melakuppam,632517
304,Melalathur,635806
305,Melapudupakkam,632318
306,Melapulam,631052
307,Melarasambattu,632103
308,Meleri,632502
309,Melkalathur,632502
310,Melkavanur,632209
311,Melkuppachinna,632102
312,Melmankuppam,632203
313,Melmayil,632203
314,Melmonavur,632010
315,Melmuttukur,635806
316,Melnathambakkam,632506
317,Melpadi,632520
318,Melpattu,635655
319,Melvayathinankuppam,635805
320,Melvisharam,632509
321,Minnal,632510
322,Minnur,635807
323,Mittalam,635811
324,Mittapettai,631101
325,Mittur,635710
326,Modikuppam,632601
327,Mohamedpet,632512
328,Morasapalli,635810
329,Mordhana,632601
330,Mosur,631004
331,Mottakkal,632319
332,Mr Kuppam,632106
333,Mudinampattu,632204
334,Mudur,631003
335,Mukkanur,635651
336,Mukundarayapuram,632405
337,Munjurpattu,632057
338,Muppathuvetti,632503
339,Mv Palayam,632104
340,Nachiarkuppam,635710
341,Nadanur,632102
342,Nadukuppam,635655
343,Nagalur,632102
344,Naganadhi,632113
345,Nagavedu,631002
346,Naickaneri,635802
347,Naickanur,635701
348,Namali,631051
349,Nambarai,632512
350,Nammiyambattu,632102
351,Nandiveduthangal,631101
352,Nandiyalam,632517
353,Nangamangalam,631052
354,Nanjukondapuram,632312
355,Narasingapuram,635701
356,Nariyambattu,635808
357,Nariyaneri,635901
358,Natham,635654
359,Natrampalli,635852
360,Navalpur,632402
361,Nayakkanur,635652
362,Nayanacheruvu,635852
363,Neelakandarayanpattai,632501
364,Nellipattu,635655
365,Nellivasalnadu,635655
366,Nelvoy,632011
367,"Nemandhapura,m",632103
368,Newtown Vaniyambadi,635752
369,Nilavur,635853
370,Nimmiyambattu,635752
371,Ocheri,632531
372,Odiyathur,635809
373,Odugathur,632103
374,Old District board buildings,632001
375,Old Town,632001
376,Ongapadi,632101
377,Oomerabad,635808
378,Ozhughur,632501
379,Pachal,635602
380,Pachur,635854
381,Pagaveli,632508
382,Pakkampalayam,632107
383,Pakkamvenkatapuram,632601
384,Pakkirithakka,635853
385,Palamathi,632002
386,Palambattu,632102
387,Palanipet,631002
388,Palaparambattu,632102
389,Palayakrishnapuram,632209
390,Palayamangadu,632503
391,Palayanur,632512
392,Palayapalayam,635702
393,Palayapalayamottur,632505
394,Pallalakuppam,635805
395,Pallathur,635901
396,Pallavalli,635702
397,Pallikonda,635809
398,Pallikonda Bazaar,635809
399,Pallikuppam,632007
400,Pallur,631051
401,Palur,635804
402,Panamadangi,632202
403,Panapakkam,631052
404,Pandianallore,631102
405,Paniyandapalli,635651
406,Paradarami,632603
407,Parandapalli,635651
408,Paranji,632510
409,Paravathur,632510
410,Parithiputhur,631002
411,Pasumathur,635803
412,Peddur,635701
413,Peenjamandai,632103
414,Pennagar,632518
415,Pennathur,632058
416,Perambattu,635652
417,Periagaram,635901
418,Periamittoor,632516
419,Periasengadu,632501
420,Periyakannalapatti,635654
421,Periyakasinaickenpatti,635901
422,Periyakonapattu,635651
423,Periyakunichi,635602
424,Periyankuppam,635814
425,Periyapet,635751
426,Periyapudhur,632058
427,Pernambut,635810
428,Perumalkuppam,632520
429,Perumalpet,635751
430,Perumankuppam,632201
431,Perumapattu,635702
432,Perumbulipakkam,632531
433,Perumpalli,635702
434,Perumuchi,631002
435,Perumugai,632009
436,Perungalathur,631003
437,Perunkanchi,631102
438,Peruvalayam,631052
439,Pillaipakkam,631052
440,Pinnathurai,632103
441,Pogalur,635813
442,Poigai,632114
443,Poigaimottur,632114
444,Polipakkam,632505
445,Ponnai,632514
446,Ponneri,635851
447,Poondi,632513
448,Poongulam,635710
449,Pudukottai,635602
450,Pudupadi,632503
451,Pudupettai,635651
452,Pudur J.h.,635652
453,Pudur Nadu,635655
454,Pudur Vaniyambadi,635751
455,Pudur- Kaniyanur,632506
456,Pulimedu,632105
457,Pulivalam,632505
458,Puliyamangalam,631004
459,Puliyankannu,632404
460,Puliyur Tpt,635655
461,Pullaneri,635851
462,Punganur,632507
463,Puthagaram,635651
464,Puttavaripalli,632603
465,Puttuthakku,632517
466,Rachamangalam,635653
467,Rajajinagar,631001
468,Rajakkal,635805
469,Rajakuppam,635806
470,Rajapalayam,635653
471,Ramalai,632601
472,Ramanaickenpettai,635801
473,Ramanayanikuppam,632107
474,Rangapuram,632009
475,Ranipet,632401
476,Ranipet East,632401
477,Ranipet Industrial estate,632403
478,Ratnagiri Kilminnal,632517
479,Reddivalam,631052
480,Reddiyur,635851
481,Rendadi,631102
482,Rottukadai,632508
483,Ruhsa Campus,632209
484,Saduperi,632002
485,Sagayathottam,631151
486,Saidapet,632012
487,Sainathapuram,632001
488,Sakkaramallur,632511
489,Sambasivapuram,632507
490,Sankaranpalayam,632001
491,Sathambakkam,632513
492,Sathugudi,635810
493,Sathupalayam,632113
494,Sathuvacahri Extension,632009
495,Sathuvachari,632009
496,Sathyamangalam,632114
497,Sattur,632521
498,Sayanavaram,631051
499,Sedhuvalai,632104
500,Sedukarai,635803
501,Seekarajapuram,632515
502,Sekkanur,632105
503,Selandampalli,635653
504,Sembarayanallur,632519
505,Sembedu,632002
506,Sempalli,632601
507,Sendamangalam,631051
508,Senganavaram,632518
509,Sengundram,632601
510,Senji,632202
511,Senur,632006
512,Seri,632508
513,Serkadu,632106
514,Serpadi,632103
515,Sethubandai,635803
516,Sevathur,635654
517,Sevur,632106
518,Seyyoor,631004
519,Shanankuppam,635814
520,Shenbakkam,632008
521,Sholingur,631102
522,Sholingur Bazaar,631102
523,Simnapudur,635652
524,Sirukarumbur,632531
525,Sirunamalli,631002
526,Sivanathapuram,632105
527,Slr Sanatorium,632106
528,Somalapuram,635802
529,Somanaickenpatti,635851
530,Somasamudram,631102
531,Soraiyur,632318
532,Sorakayalnatham,635854
533,Sozhamur,632202
534,Sullivanpet,632001
535,Sumaithangi,632508
536,Sundarampalli,635654
537,Surai,632505
538,Suraksha Cisf campus,631152
539,Tel,632058
540,Tajpura,632521
541,Takkolam,631151
542,Talikkal,631102
543,Tbsanatorium,632011
544,Tellai,632113
545,Tellur,632105
546,Tempalle,632515
547,Thagarakuppam,635702
548,Thalangai,632501
549,Thandalam Krishnapuram,632006
550,Thanigaipolur,631003
551,Thathireddipalle,632516
552,Thattaparai,632601
553,Thattimanapalli,632601
554,Thekkupattu,635801
555,Thengal,632404
556,Thenkadapanthangal,632513
557,Thennambattu,635802
558,Thimmampet,635801
559,Thimmanamuthur,635653
560,Thirumalaicheryy,632513
561,Thiruparkadal,632508
562,Thokkiyam,635901
563,Thollapalli,635804
564,Thondanthualsi,632202
565,Thongumalai,632103
566,Thoppukhana,632503
567,Thorapadi,632002
568,Thornampathy,635602
569,Thottalam,635804
570,Thottithuraimottur,635810
571,Thumberi,635754
572,Thuraiperumbakkam,632508
573,Thuthikkadu,632113
574,Thuthipattu,632011
575,Timiri,632512
576,Tippasamudram,635809
577,Tiriyalam,635851
578,Tirumalpur,631051
579,Tirumani,632202
580,Tirupattur,635601
581,Tirupattur Bazaar,635602
582,Tirupattur Fort,635602
583,Tiruvalam,632515
584,Udayamuthur,635652
585,Udayendiram,635754
586,Ulianallore,631052
587,Ulli,635813
588,Unai,632101
589,Unai Vaniyambadi,632101
590,Unaipalathur,632101
591,Uppupettai,632521
592,Uriyur,631151
593,Ussoor,632105
594,Vadacheri,635754
595,Vadakkathipatti,635804
596,Vadakkupattu,635801
597,Vadamambakkam,631003
598,Vadapudupet,635812
599,Vaduganthangal,632204
600,Vakkanampatti,635851
601,Valaikulam,631003
602,Valapandal,632318
603,Valathoor,635813
604,Valayalkarapatti,635804
605,Valayambattu,635751
606,Valayathur,632504
607,Vallandramam,632104
608,Vallimalai,632520
609,Vallipattu,635752
610,Valluvambakkam,632513
611,Vanapadi,632404
612,Vandranthangal,632058
613,Vangupattu,631102
614,Vangur,632501
615,Vaniyambadi,635751
616,Vaniyambadi R.s,635751
617,Vannanthangal,632103
618,Vannivedu,632513
619,Varadalambattu,632101
620,Varadareddipalli,632603
621,Varagur,632507
622,Varagur Pudur,632319
623,Vasanthapuram,635701
624,Vasur,632514
625,Veerichettipalli,632603
626,Velakalnatham,635854
627,Velam,632501
628,Velangadu,632101
629,Velapadi,632001
630,Vellakuttai,635752
631,Vellambi,632506
632,Vellore,632001
633,Vellore Bazaar,632004
634,Vellore Cantonment,632001
635,Vellore Collectorate,632004
636,Vellore Fort,632004
637,Vellore Institute of technolog,632014
638,Vellore Market,632004
639,Vellore South,632001
640,Vellore Sugar mills,632519
641,Velur- Kalavai,632506
642,Vembi,632518
643,Vengalapuram,635653
644,Vengili,635812
645,Venkatapuram,632507
646,Venkatasamudram,635811
647,Vennampalle,632516
648,Veppalai,632520
649,Veppalnatham,635651
650,Veppampattu,632113
651,Veppankuppam,632107
652,Veppur,635803
653,Vettapattu,635852
654,Vettuvanam,635809
655,Vilapakkam,632521
656,Viludonpalayam,632603
657,Vinnamangalam,635807
658,Virnjipuram,632104
659,Virudhambattu,632006
660,Virupakshipuram,632002
661,Vishamangalam,635652
662,Voorhees College,632001
663,Walajapet,632513
664,Walajapet Bazaar,632513
665,Winterpet,631005
666,Yelagiri Hills,635853
