SNO,Location,Pincode
1,Adaiyur,607201
2,Adanur,605402
3,Adavallikuthan,604301
4,Adhanur,606102
5,Adichanur,605758
6,Agarakottalam,606202
7,Akkur,604207
8,Akshipakkam,604101
9,Aladi,606115
10,Alagrammam,604302
11,Alambadi,605701
12,Alampoondi,604151
13,Alankuppam,604301
14,Alathur,604303
15,Ammaiyagaram,606201
16,Ammakalathur,606204
17,Amur,607209
18,Anaiyeri,605201
19,Anangur,605103
20,Ananthapuram,605201
21,Anathur,604202
22,Andapattu,604101
23,Andrayanur,605803
24,Anganur,606107
25,Anilady,605651
26,Annamangalam,604210
27,Anniyur,605202
28,Anumanandal,606301
29,Anumandai,604303
30,Arakandanallur,605752
31,Arampoondi,606207
32,Arasampattu,606401
33,Arasur,607107
34,Arcadu,605755
35,Ariyalur,605801
36,Ariyalur Tirukkai,605402
37,Ariyur,605102
38,Arpisampalayam,605108
39,Arugavur,604203
40,Arulavadi,605755
41,Arumpattu,607107
42,Arunkurukkai,605803
43,Arur,606402
44,Aruthangudi,605757
45,Asakalathur,606204
46,Asanur,606305
47,Asokapuri,605203
48,Asur,605652
49,Athipakkam,604207
50,Athipattu,604152
51,Athiyur,605201
52,Athiyur Thirukkai,605701
53,Athiyur Thiruvadi,605401
54,Attur,606102
55,Auroville,605101
56,Avadayarpattu,605652
57,Avalurpet,604201
58,Avanipur,604101
59,Avarapakkam,604001
60,Aviyur,604203
61,Ayandur,605755
62,Ayyanthoppu,604001
63,Ayyur Agaram,605601
64,B. arulambadi,605702
65,Brahmadesam,605203
66,Brammakundam,605702
67,C Meyyur,605803
68,Chellampattu,606207
69,Chellapiratti,604210
70,Chendur,604302
71,Chinnababusamudram,605102
72,Chinnanerkunam,604302
73,Chinnasalem,606201
74,Chinthamani,605601
75,Cholampattu,606208
76,Cholavandipuram,605751
77,Coudapakkam,605502
78,Dadapuram,604207
79,Dagamtheerthapuram,606201
80,Devadanampettai,604151
81,Devandavadi,604208
82,Devanur,605752
83,Devaradiyarkuppam,605754
84,Deviagaram,605757
85,Eachur,604203
86,Edaikkal,606107
87,Edapalayam,605803
88,Eduthanur,605802
89,Eduthavainatham,606207
90,Elavanasur,607202
91,Elayanarkuppam,605802
92,Ellaigramam,607201
93,Elrampattu,605803
94,Emapper,606202
95,Emappur,607203
96,Enathimangalam,607107
97,Endal,605801
98,Endiyur,604001
99,Eraiyanur,604001
100,Eraiyur,607201
101,Eranji,606305
102,Eruvaipattinam,606207
103,Eruvelipattu,607107
104,Eswarakandanallur,607204
105,Eyyakunam,604204
106,Eyyal,604204
107,Eyyanur,606204
108,Gengarampalayam,605108
109,Gingee,604202
110,Gingee Bazaar,604202
111,Gramam,607203
112,Guduvampoondi,604208
113,Gurupeedapuram,606305
114,Hemerjickx Cente,605111
115,Idapattu,604201
116,Illodu,604210
117,Innadu,606207
118,Iriyur,606204
119,Irudayampattu,605702
120,Irulakurichi,606115
121,Irundai,607204
122,Jambai,605754
123,Jayankondam,604202
124,K.Alambalam,606202
125,Kachirapalayam,606207
126,Kadaganur,605755
127,Kadali,604210
128,Kadambur,605802
129,Kadaperikuppam,605502
130,Kaduvanur,605801
131,Kakkanur,605402
132,Kalaiyur,604206
133,Kalamarudur,606102
134,Kalayampoondi,605202
135,Kallakurichi,606202
136,Kallakurichi South,606202
137,Kallapattu,605108
138,Kallapuliyur,604208
139,Kalleri,604151
140,Kallipattu,605105
141,Kalpattu,605302
142,Kaluperumbakkam,605014
143,Kamala Nagar,605602
144,Kanai,605301
145,Kanaiyar,606107
146,Kanakkankuppam,604151
147,Kandachipuram,605701
148,Kandadu,604303
149,Kandamangalam,605102
150,Kandambakkam,605401
151,Kandnamanadi,605401
152,Kangeyanur,605754
153,Kangiyanur,605302
154,Kaniyamur,606201
155,Kanjanur,605203
156,Kannarampattu,607203
157,Kappai,604205
158,Kappalampadi,604201
159,Kappiyampuliyur,605601
160,Kappur,605301
161,Karadi,605757
162,Karadichittur,606207
163,Karai,605201
164,Karanai,605755
165,Karattai,604154
166,Kariyalur,606207
167,Karnavur,604001
168,Karunthalakurichi,606301
169,Karuvakshi,605201
170,Karuvampakkam,604207
171,Katrambakkam,605109
172,Kattalai,604001
173,Katterikuppam,605502
174,Kattu Edaiyur,605751
175,Kattupaiyur,605757
176,Kattusiviri,604207
177,Kaveripakkam,604001
178,Kazhumalam,605754
179,Kedar,605402
180,Keelathalanur,605757
181,Kiladanur,604307
182,Kilakkadu,606401
183,Kilapattu,606208
184,Kiledayalam,604302
185,Kilinjikuppam,605110
186,Kiliyanur,604102
187,Kiliyur,606102
188,Kilmambattu,605651
189,Kilmavilangai,604207
190,Kilperumbakkam,605602
191,Kilsevur,604101
192,Kizakkumarudur,607204
193,Kodiyam,604207
194,Kodukkur,605501
195,Kodumathi,606207
196,Kolathur,604301
197,Koliyanur,605103
198,Kollar,604206
199,Komalur,606205
200,Konai,604205
201,Konalur,605201
202,Kondangi,605301
203,Kongarapattu,604306
204,Kongarayanaur,607203
205,Kongarayapalayam,606203
206,Konur,605301
207,Koo-kallakurichi,606115
208,Korakeni,605501
209,Kosapadi,606401
210,Kottamrudur,605756
211,Kottapoondi,604201
212,Kottapudur,606207
213,Kottayampoondi,605203
214,Kovilporaiyur,604201
215,Kudiraichandal,606202
216,Kugaiyur Gds,606306
217,Kuladeepamangalam,605756
218,Kumarakuppam,605108
219,Kumulam,605107
220,Kundalapuliyur,605203
221,Kunimedu,604303
222,Kunnapakkam,604101
223,Kurunjipai,604205
224,Kuthakudi,606305
225,Kutteripattu,604302
226,Kuvadu,607201
227,Kuvagam,606102
228,Kuvanur,605757
229,La- Gudalur,606205
230,Lakkinayakkanpatti,606402
231,Lingareddpalayam,605107
232,Ma-kunnathur,606102
233,Madam,605759
234,Madapattu,607207
235,Madavacherry,606207
236,Madhur,606207
237,Madiyanur,606107
238,Madugadipet,605107
239,Madur,606206
240,Madurapakkam,605501
241,Mahadevimangalam,604210
242,Maharajapuam,605602
243,Mailam,604304
244,Maiyanur,605801
245,Malaikottalam,606203
246,Malavanthangal,605701
247,Maligaimedu,606204
248,Malliyapadi,606207
249,Mambazhapattu,605302
250,Manakuppam,607209
251,Manalapadi,604151
252,Manalurpet,605754
253,Manampoondi,605759
254,Manandal,604204
255,Mandagapadi,606205
256,Mandava,604303
257,Maniyampalayam,606207
258,Manjaputhur,606208
259,Manmalai,606207
260,Maragadhapuram,605401
261,Marangiyur,607203
262,Markanum,604303
263,Markonam,604208
264,Mathur,606207
265,Mattaparai,606207
266,Melacheri,604202
267,Melakondai,605652
268,Melathipakkam,604207
269,Meledayalam,604202
270,Melkaranai,605202
271,Melmalayanur,604204
272,Melmannur,604208
273,Melnariyappanur,606201
274,Melolakkur,604203
275,Melpathi,605103
276,Melpettai,604307
277,Melsevalambadi,604204
278,Melsevur,604306
279,Melsiruvallur,605702
280,Melsithamur,604206
281,Melthaniyalampattu,607101
282,Melur,606201
283,Melvailamur,604201
284,Melvalai,605701
285,Memalur,605751
286,Mettupalayam,605105
287,Michaelpuram,605702
288,Minambur,604205
289,Modaiyur,604206
290,Mogaiyur,605755
291,Mokshakulam,605105
292,Molasur,604102
293,Mookanur,606402
294,Moolasamudram,606107
295,Moongilpadi,606201
296,Mottampatti,606401
297,Mudiyanur,606203
298,Mundiyambakkam,605601
299,Mundiyur,606207
300,Munivalai,606205
301,Munnur,604301
302,Muppuli,604302
303,Murarbad,606208
304,Murukkambadi,605754
305,Muttathur,605203
306,Nadukuppam,604303
307,Naduvanthangal,604207
308,Nagalur,606203
309,Nagar,606107
310,Nainarpalayam,606301
311,Nallanpillaipetral,604152
312,Nallapalayam,605701
313,Nallathur,604307
314,Nallavur,604154
315,Nangathur,605202
316,Nannaram,606102
317,Nanndu,605301
318,Naraiyur,605108
319,Naranamangalam,604201
320,Nayambadi,604151
321,Nedimoliyanur,604306
322,Nedumanur,606208
323,Neelamangalam,606202
324,Negandur,605651
325,Neganur,604202
326,Nemur,605203
327,Ninnaiyur,606305
328,Nochalur,604201
329,Nochimedu,606107
330,Nolambur,604307
331,Nurolai,606205
332,Oddampattu,605758
333,Odiampet,605110
334,Odiyathur,605701
335,Olagankathan,606202
336,Olagapuram,604154
337,Olagiyanallur,606204
338,Olakkur,604305
339,Olundiapet,605109
340,Omandur,604102
341,Omipper,604301
342,Ongur,604307
343,Orathur,605601
344,Orukodi,605301
345,P.Villiyanur,605105
346,Padipallam,604151
347,Padirapuliyur,604304
348,Padiyandal,605751
349,Padur,606115
350,Paithanthurai,606201
351,Paiyur,607203
352,Pakkam,605801
353,Pakkampadi,606301
354,Palakollai,606115
355,Palakuppam,604001
356,Palapadi,604153
357,Palapattu,604205
358,Palayam,605107
359,Palayasiruvangur,606206
360,Pallagacherry,606206
361,Pallavadi,607201
362,Palliandur,605402
363,Pallikulam,604203
364,Pallineliyanur,605107
365,Pallithennal,605102
366,Panamalai,605201
367,Panampattu,605103
368,Panayapuram,605601
369,Panchalam,604307
370,Pandalam,606402
371,Pandiyankuppam,606201
372,Pandur,606102
373,Pankolathur,604101
374,Paranur,605755
375,Parikkal,607204
376,Parindal,606305
377,Pasar,606205
378,Pavandur,607209
379,Pazhangur,605751
380,Peelamedu,606206
381,Pennangar,604210
382,Peramandur,604302
383,Perangiyur,607107
384,Perani,605651
385,Periyababusamudram,605102
386,Periyakolliyur,605801
387,Periyakuppam,607204
388,Periyakurukkai,607201
389,Periyamampattu,606206
390,Periyanmur,604151
391,Periyanolambai,604204
392,Periyasevalai,607209
393,Periyathatchur,605651
394,Perumangalam,606204
395,Perumbakkam,605301
396,Perumbur,606401
397,Perumukkal,604301
398,Perungappur,604151
399,Peruvalur,604208
400,Pethanur,606201
401,Pidagam,605401
402,Pidaripattu,605651
403,Pillur,605103
404,Pilrampattu,605701
405,Pinnalavadi,607202
406,Pombur,605652
407,Ponnankuppam,605201
408,Pootai,606401
409,Poovarasankuppam,605105
410,Porasakurichi,606203
411,Porasapattu,605702
412,Porur,605202
413,Pottiyam,606207
414,Pounjipattu,605702
415,Poykunam,606401
416,Poyyapakkam,605103
417,Prithivimangalam,606206
418,Pu-killanur,606107
419,Pu-konalavadi,606107
420,Pu-malayanur,607202
421,Pu.Mambakkam,606107
422,Pudu Uchimedu,606203
423,Pudupakkam,604303
424,Pudupalapattu,606401
425,Pudupattu,606402
426,Pugaipatti,606201
427,Pukkiravari,606204
428,Pulichapllam,605109
429,Puliyur,606107
430,Puranasingupalayam,605107
431,Puthirampattu,606402
432,Radhhapuram,605501
433,Rampakkam,605105
434,Rangappanur,606402
435,Ravathanallur,606402
436,Rettanai,604306
437,Rishivandiyam,606205
438,S. naraiyur,606301
439,S. ohaiyur,606204
440,S.Kodungal,605755
441,S.Kolathur,606402
442,Salayampalayam,605108
443,Sangeethamangalam,605202
444,Sangiyam,605754
445,Sankarapuram,606401
446,Santhanagopalapuram,605602
447,Santhapettai,605757
448,Saram ( tindivanam ),604307
449,Saravanapakkam,607209
450,Sathambadi,604204
451,Sathaputhur,606205
452,Sathiyakandanur,605755
453,Sathyamagalam,604153
454,Se.Kunnatur,605651
455,Seedevi,606205
456,Semangalam,605109
457,Sembiamadevi,607202
458,Semmanangur,606107
459,Semmar,607107
460,Semmedu,604153
461,Sendamangalam,607204
462,Sendanadu,607204
463,Senkurichi,606115
464,Sennakunam,605755
465,Sepettai,604152
466,Serapattu,606401
467,Serndanur,605103
468,Seshangur,605501
469,Sethuvarayankuppam,606203
470,Sevalapuri,604202
471,Sholangunam,604210
472,Sikkadu,606205
473,Singanur,604001
474,Sirpadanallur,605802
475,Sirpanandal,605802
476,Sirumadurai,607203
477,Siruthalaipoondi,604204
478,Siruvadi,604301
479,Siruvalai,605402
480,Siruvangur,606202
481,Siruvathur,606201
482,Sithalingamadam,605803
483,Sithalur,606206
484,Sithanangur,607107
485,Sithani,605652
486,Sithathur,605701
487,Sokuppam,604153
488,Somandargudi,606202
489,Somasipalayam,607101
490,Sorapattu,605501
491,Soundaravallipalayam,606401
492,Sulankurichi,606206
493,Suthukeni,605502
494,T . edayar,607203
495,T . kolathur,607209
496,T . kunnathur,605803
497,T . pudupalayam,605803
498,T Athipakkam,605759
499,T.Mavidanthal,606305
500,T.Mettupalayam,605601
501,T.Pudupalayam,605652
502,Teli,605302
503,Thachur,606202
504,Thadagam,604152
505,Thaduthatkondur,607203
506,Thagadi,605757
507,Thailapuram,604102
508,Thaiyur,604205
509,Thalangadu,604303
510,Thalangunam,604201
511,Thalavanur,604205
512,Thaludali,604304
513,Thamanur,604210
514,Thandalai,606202
515,Thandavasamudram,604151
516,Thaniyal,604207
517,Thapovanam,605756
518,Thayanur,604204
519,Thekkampattu,606401
520,Thengiyanatham,606201
521,Thenkalavoy,604302
522,Thenkeeranur,606202
523,Thenkodipakkam,604102
524,Thenpalai,604151
525,Thenpasiyar,604001
526,Thenputhur,604306
527,Thensiruvalur,604102
528,Thenthorasalur,606204
529,Theppirampattu,604204
530,Thirubuvanai,605107
531,Thiruvamathr,605402
532,Thiruvampattu,604205
533,Thiruvandarkoil,605102
534,Thiruvathikunnam,604205
535,Thiurvakkarai,604304
536,Tholuvanthangal,605801
537,Thondamanatham,605502
538,Thorapadi,604204
539,Thoravi,605601
540,Thottapadi,606301
541,Thottiyam,606201
542,Throadipattu,606207
543,Timmalai,606206
544,Tindivanam,604001
545,Tindivanam Bazaar,604001
546,Tindivanam East,604001
547,Tindivanam West,604001
548,Tiruchitambalam,605111
549,Tirukkoyilur,605757
550,Tirukkoyilur Bazaar,605757
551,Tirukkoyilur Busstand,605757
552,Tirukkoyilur.Athipakkam,605759
553,Tirumangalam,605501
554,Tirunavalur,607204
555,Tirupachanur,605103
556,Tiruppalapandal,605757
557,Tiruppeyar,606305
558,Tiruvarangam,605802
559,Tiruvennainallur,607203
560,Tivanur,604206
561,Tiyagadrug,606206
562,Tiyagai,606206
563,Ulundurpet,606107
564,Ulundurpet Busstand,606107
565,Uppur,606207
566,Ural,604001
567,V alambalam,606301
568,V mamandur,606301
569,V . puthur,605752
570,V.Budur,605108
571,V.Marudur,605602
572,V.Mathur,605201
573,V.Nallalam,605651
574,V.Nerkunam,605501
575,V.Parangani,605109
576,V.Salai,605652
577,V.Sathanur,605652
578,Vadakaraithayanur,605752
579,Vadakkanandal,606207
580,Vadamarudur,605803
581,Vadanerkunam,604301
582,Vadapalai,604204
583,Vadaponparappi,605702
584,Vadathorasalur,606206
585,Vaidapakkam,604301
586,Vairapuram,604207
587,Vakkur,605501
588,Valathi,604208
589,Valavanur,605108
590,Valayampattu,607107
591,Vallam,604206
592,Valudareddy,605401
593,Valudavur,605502
594,Vanampattu,607204
595,Vanjikuli,606401
596,Vanur,605109
597,Varanjaram,606203
598,Vasanthakrishnapuram,605758
599,Vazhapadi,606207
600,Veeracholapuram,606206
601,Velanthangal,604152
602,Veliyanur,604304
603,Vellaiyur,606107
604,Vellarikadu,606401
605,Vellimalai,606207
606,Vellimeudpettai,604207
607,Velur,606102
608,Velur (sa),604154
609,Vembi,605203
610,Vengaivadi,606206
611,Vengamur,605701
612,Vengandur,605402
613,Vengodu,606401
614,Vengur,605751
615,Venkatadri agaram,605105
616,Venkatampettai,606207
617,Vettiperumalagaram,606201
618,Vidur,605652
619,Vidur Dam,605652
620,Vikravandi,605652
621,Vikravandi R.s.,605652
622,Vilakkur,606206
623,Vilambar,606202
624,Vilandai,605756
625,Villupuram,605602
626,Villupuram East,605602
627,Villupuram West,605602
628,Vilukkam,604206
629,Viramur,605402
630,Viranamur,604203
631,Virapandi,605758
632,Viriyur,606402
633,Virugavur,606203
