SNO,Location,Pincode
1,A.Ramalingapuram,626203
2,Achankulam,626141
3,Achanthavirthan,626137
4,Aladipatti,626129
5,Alagapuri,626607
6,Alagianallur,626001
7,Alamarathupatti,626130
8,Alangulam,626144
9,Allalaperi,626106
10,Allampatti,626001
11,Amanakkunatham,626101
12,Amathur,626005
13,Anaikulam,626129
14,Anaikuttam,626130
15,Anaiyur,626124
16,Anuppankulam,626189
17,Appayanaickenpatti,626204
18,Aruppukottai,626101
19,Aruppukottai Bazzar,626101
20,Aruppukottai East,626101
21,Aruppukottai Nehru maidanam,626101
22,Aruppukottai West,626101
23,Athikulam,626125
24,Aviyur,626106
25,Avudayapuram,626204
26,Ayanathampatti,626138
27,Ayankollangondan,626142
28,Boovanathapuram,626124
29,Chatrapatti,626102
30,Chatrapuliyankulam,626106
31,Chatrareddiapatti,626001
32,Chettikurichi,626134
33,Chidambarapuram,626134
34,Chithunundradaippu,626106
35,Chockalingapuram,626202
36,Chockanathanpudur,626121
37,Cholapuram South,626139
38,Devadanam,626145
39,Dhalavaipuram,626188
40,Dharmam,626612
41,Edirkottai,626131
42,Elayirampannai,626201
43,Erichanatham,626103
44,Gollapatti,626203
45,Gopalapuram,626136
46,Guhanparai,626140
47,Ilandaikulam,626149
48,Iluppaiyur,626177
49,Inamkarisalkulam,626125
50,Inamreddiapatti,626003
51,Injar,626124
52,Irukkangaudi,626202
53,Irunjirai,626612
54,Isali,626607
55,K.Chettikulam,626114
56,Kadaneri,626149
57,Kakkivadanpatti,626124
58,Kalayar Karisalkulam,626105
59,Kalkurichi,626104
60,Kallamanaickenpatti,626131
61,Kallurani,626105
62,Kamaraj Nagar,626001
63,Kambigudi,626106
64,Kangarseval,626131
65,Kansapuram,626133
66,Karendal,626129
67,Kariapatti,626106
68,Karisalkulam,626149
69,Karisalpatti,626201
70,Kattangudi,626107
71,Kilarajakularaman,626136
72,Kilavikulam,626139
73,Kilgudi,626114
74,Kokkalanjeri,626001
75,Koppusithampatti,626113
76,Kosugundu,626202
77,Kottaiyur,626149
78,Kotthiyur Gurusamykoil,626204
79,Kovilangulam,626107
80,Krishnapuram,626143
81,Kuchampatti,626129
82,Kullursandai,626053
83,Kumarasamy Raja nagar,626108
84,Kummapatti,626133
85,Kundayiruppu,626131
86,Kunnur,626138
87,Kunnur South,626190
88,Kurandi,626106
89,Kurundamadam,626101
90,Lakshmipuram,626127
91,M.Pudupatti,626130
92,M.Reddiapatti,626118
93,Madavar Vilagam,626125
94,Maharajapuram,626149
95,Malaipatti,626004
96,Mallanginar,626109
97,Malli,626141
98,Mallipudur,626141
99,Mamsapuram,626124
100,Mandapasalai,626118
101,Mangalam,626138
102,Manthoppu,626104
103,Maraikulam,626607
104,Maraneri,626124
105,Maravarperungudi,626118
106,Meenakshipuram,626125
107,Meenampatti,626189
108,Meesalur,626003
109,Melanmarainadu,626127
110,Melapattamkarisalkulam,626110
111,Melathulukkankulam,626109
112,Mepco.Engg.college,626005
113,Mettamalai,626203
114,Mettugundu,626004
115,Mohamed Sahibpuram,626110
116,Moovaraivendran,626138
117,Mudalipatti,626189
118,Mudukkankulam,626106
119,Muhavur,626111
120,Mullipatti,626005
121,Mulliseval,626205
122,Musttakurichi,626106
123,Muthulapuram,626119
124,N.Subbiahpuram,626205
125,Nachiyarkoil,626125
126,Naduvapatti,626203
127,Nallamanaickenpatti,626102
128,Nalli,626205
129,Nalur,626607
130,Naranapuram,626189
131,Narikudi,626607
132,Nathampatti,626102
133,Nathathupatti,626202
134,Nathikudi,626137
135,Nedungulam,626138
136,Nenmeni,626202
137,Odaipatti,626205
138,Othayal Mettupatti,626203
139,P Thottiankulam,626129
140,P.Ramachandrapuram,626137
141,P.Sallipatti,626138
142,Padanthal,626203
143,Palavantham,626004
144,Palayampatti,626112
145,Pampatti,626106
146,Panaiyur,626129
147,Panayadipatti,626201
148,Pandalgudi,626113
149,Pappakudi,626134
150,Paralachi,626114
151,Pattampudur,626003
152,Pavali,626103
153,Periaperali,626001
154,Periavallikulam,626004
155,Perunjalai Pudupatti,626104
156,Pervelangudi,626612
157,Pilavakkaldam,626133
158,Pillayarkulam,626137
159,Pillayarnatham,626125
160,Poolangal,626114
161,Pottalpatti,626111
162,Pudukottai,626103
163,Pudupalayam,626117
164,Pudupatti,626204
165,Puliyuran,626101
166,Pungamarathupatti,626118
167,Puthur,626111
168,R.Kallumadam,626118
169,R.Reddiapatti,626136
170,Rajapalayam,626117
171,Rajapalayam Ambalapuli bazzar,626117
172,Rajapalayam Bazzar,626117
173,Rajapalayam Bus stand,626117
174,Ramalingapuram,626102
175,Ramasamy Nagar,626159
176,Ramasamy Raja nagar,626204
177,S.Ramachandrapuram,626126
178,Salvarpatti,626128
179,Sammandapuram,626117
180,Samsigapuram,626102
181,Sankaralingapuram,626119
182,Sankarapandiapuram,626201
183,Sattur,626203
184,Sattur West,626203
185,Seithur,626121
186,Sempatti,626101
187,Sengamalanachiapuram,626130
188,Sengulam,626114
189,Sengundrapuram,626103
190,Sennelgudi,626004
191,Sennilaikudi,626129
192,Seshapuram,626116
193,Sethunarayanapuram,626132
194,Settiyarpatti,626122
195,Settudayanpatti,626203
196,Sevalpatti,626140
197,Sinnakamanpatti,626189
198,Siruvanur,626607
199,Sithurajapuram,626189
200,Sivakasi,626123
201,Sivakasi Bazzar,626123
202,Sivakasi Bus stand,626123
203,Sivakasi East,626189
204,Sivakasi R s,626123
205,Sivakasi South,626123
206,Sivakasi West,626124
207,Sivalingapuram,626136
208,Solapuram,626139
209,Soolakkarai,626003
210,Srivilliputhur,626125
211,Srivilliputhur North,626125
212,Subramaniapuram,626128
213,Sudhamadam,626114
214,Sukkilanatham,626101
215,Sundaranachiarpuram,626142
216,Sundarapandiam,626126
217,Sundararajapuram,626142
218,Surangudi,626203
219,T.Managaseri,626141
220,T.Meenakshipuram,626101
221,T.Sedapatti,626204
222,Tamilnadu Cements alangulam,626127
223,Tamilpadi,626129
224,Terkuvenganllur,626142
225,Thailapuram,626149
226,Thayilpatti,626128
227,Thombakulam,626136
228,Thoppalakarai,626114
229,Thulukkapatti,626204
230,Thulukkapatti R.s.,626204
231,Thummusinnampatti,626118
232,Thungareddiapatti,626203
233,Tiruchuli,626129
234,Tiruthangal,626130
235,Ulagudi,626607
236,Uppathur,626205
237,V.Muthulingapuram,626119
238,Vadakarai,626136
239,Vadakkunatham,626114
240,Vadamalaikurichi,626001
241,Vadamalapuram,626130
242,Vadhuvarpatti,626134
243,Vairavanangoor,626106
244,Vaithilingapuram,626154
245,Vakkanangundu,626104
246,Valayapatti,626127
247,Valliyur,626005
248,Vedanatham,626118
249,Vellayapuram,626101
250,Vellur,626005
251,Vembakottai,626131
252,Venkatachalapuram,626203
253,Vetrilaiyurani,626128
254,Vijayakarisalkulam,626131
255,Vilampatti,626124
256,Villipathiri,626001
257,Villupanur,626138
258,Viracholan,626612
259,Virudhunagar,626001
260,Virudhunagar Bazaar,626001
261,Virudhunagar Bus stand,626001
262,Virudhunagar Collectorate,626002
263,Virudhunagar Extension,626001
264,Virudhunagar Housing unit colo,626001
265,Virudhunagar Industrial estate,626003
266,Virudhunagar North,626001
267,Virudhunagar R.s.,626001
268,Virudhunagar Town,626001
269,Virudhunagar West,626001
270,Viswanatham,626189
271,W Pudupatti,626116
272,Watrap,626132
273,Zaminkollangondan,626142
